order_id,customer_id,order_timestamp,status,currency,total_amount
1,380,,processing,USD,768.06
2,467,2026-02-18 02:28:23,completed,EUR,1093.35
3,470,2025-01-14 11:22:12,cancelled,EUR,448.5
4,676,2025-05-30 03:09:57,completed,USD,1062.09
5,92,2025-01-22 15:48:14,processing,RUB,243.2
6,103,2024-12-12 04:11:41,completed,EUR,337.18
7,466,2024-12-17 00:16:14,cancelled,EUR,1903.08
8,661,2024-12-30 16:57:31,cancelled,USD,470.41
9,275,2025-04-05 12:29:27,completed,USD,1359.68
10,0,2026-01-21 03:56:04,cancelled,RUB,2059.1
11,175,2024-11-12 05:51:09,processing,EUR,564.62
12,660,2025-02-28 18:51:50,processing,RUB,1101.3
13,178,2025-03-06 08:09:27,processing,USD,448.66
14,122,2025-05-23 12:48:47,completed,USD,1260.9
15,96,2024-11-07 14:01:18,completed,RUB,424.95
16,586,2026-02-03 08:08:20,cancelled,RUB,983.74
17,192,2024-07-27 04:07:00,cancelled,USD,314.94
18,676,2025-01-05 06:00:33,completed,RUB,634.88
19,114,2025-02-10 05:37:05,completed,EUR,79.5
20,80,2024-07-20 09:27:33,cancelled,EUR,402.98
21,76,2024-07-05 00:20:51,processing,EUR,693.58
22,462,2025-08-02 14:16:29,processing,RUB,452.78
23,622,2025-02-10 03:12:51,processing,EUR,1490.79
24,0,2025-04-27 12:35:46,completed,USD,1392.09
25,0,2025-06-22 20:48:51,completed,EUR,231.98
26,31,2026-03-07 09:06:44,completed,EUR,282.24
27,357,2025-11-04 11:16:05,processing,EUR,1500.6
28,410,2025-01-28 13:48:55,cancelled,RUB,693.32
29,106,2024-11-19 22:07:32,cancelled,USD,273.51
30,457,2026-03-30 23:21:33,cancelled,RUB,945.69
31,205,2025-09-21 11:42:37,cancelled,USD,230.21
32,601,2025-11-07 21:59:15,completed,USD,913.0
33,331,2024-08-01 00:19:44,cancelled,RUB,91.18
34,149,2025-07-11 11:43:09,completed,RUB,1041.78
35,477,2025-11-19 05:40:49,processing,EUR,570.4
36,218,2025-10-26 17:58:59,processing,RUB,1082.91
37,662,2025-01-25 13:47:44,completed,USD,1225.68
38,506,2024-12-15 07:36:45,processing,EUR,273.76
39,335,2024-09-01 13:44:00,completed,RUB,149.67
40,473,2024-09-01 23:29:10,completed,RUB,112.52
41,346,2025-11-14 02:44:17,cancelled,EUR,416.63
42,325,2025-11-02 16:21:05,completed,EUR,1947.8
43,403,2026-01-27 19:22:46,processing,USD,1703.4
44,0,2026-04-29 18:48:16,completed,EUR,77.98
45,175,2024-09-09 14:32:53,processing,RUB,1229.73
46,54,2026-04-08 18:15:53,cancelled,EUR,33.52
47,338,2024-08-30 02:42:22,processing,USD,569.04
48,472,2025-12-24 11:10:46,processing,EUR,757.98
49,126,2024-09-21 07:12:23,processing,EUR,1336.08
50,495,2025-11-02 18:49:24,completed,EUR,1075.74
51,676,2024-09-29 03:00:53,completed,EUR,46.82
52,14,2025-07-15 18:11:31,completed,USD,408.32
53,605,2025-04-25 16:11:52,processing,EUR,1147.92
54,158,2026-04-11 01:15:11,cancelled,EUR,234.4
55,636,2024-11-08 17:22:54,processing,EUR,87.26
56,315,2025-01-28 16:51:18,completed,USD,82.17
57,17,2024-10-02 18:33:27,cancelled,RUB,243.36
58,272,2025-11-30 09:39:46,processing,USD,664.26
59,442,2025-02-09 21:17:00,processing,USD,573.5699999999999
60,433,2026-01-12 10:41:02,cancelled,RUB,602.16
61,532,2026-04-27 22:44:37,completed,USD,959.8
62,37,2024-09-21 05:17:57,processing,USD,297.55
63,734,2024-11-28 15:28:57,cancelled,RUB,739.24
64,211,2024-12-31 08:07:38,completed,EUR,1067.6100000000001
65,190,2024-08-24 01:41:20,completed,RUB,1488.6
66,323,2026-03-17 03:15:31,processing,USD,1352.82
67,486,,processing,USD,1325.46
68,361,2025-06-15 23:27:33,completed,EUR,1751.52
69,18,2025-06-06 19:02:27,completed,USD,534.76
70,103,2025-12-07 23:44:17,cancelled,EUR,1001.68
71,680,2024-08-20 05:14:31,processing,EUR,415.6
72,680,2026-03-04 21:26:41,processing,EUR,1236.65
73,0,2024-11-17 05:26:37,cancelled,USD,666.18
74,32,2025-10-24 05:32:16,completed,RUB,744.48
75,387,2024-09-15 17:59:26,completed,EUR,2253.1
76,272,2026-01-28 20:44:12,cancelled,EUR,604.8
77,0,2024-06-07 11:41:29,cancelled,USD,1256.22
78,581,2025-01-04 03:46:58,processing,USD,191.97
79,151,2025-12-08 18:52:48,cancelled,RUB,946.98
80,499,2025-10-27 08:09:46,processing,USD,232.39
81,127,2024-12-13 14:28:40,cancelled,USD,730.44
82,142,2025-12-06 12:39:00,completed,RUB,1680.05
83,731,2025-09-09 04:43:12,completed,USD,443.4
84,33,2024-05-30 23:47:50,cancelled,USD,868.24
85,612,2024-10-04 16:12:21,cancelled,USD,1212.4499999999998
86,139,2026-03-15 17:33:11,cancelled,RUB,155.82
87,559,2025-10-29 03:10:32,processing,RUB,228.24
88,321,2025-05-28 19:49:27,cancelled,EUR,718.53
89,421,2025-08-05 17:45:16,completed,EUR,479.17
90,630,2026-01-09 02:30:08,processing,USD,1304.9
91,580,2025-08-09 04:22:15,cancelled,RUB,286.84
92,531,2025-06-19 13:11:29,cancelled,RUB,142.39
93,609,2025-03-03 22:04:35,processing,USD,1393.56
94,599,2025-01-14 04:32:14,processing,RUB,353.77
95,508,2025-06-02 12:59:28,cancelled,EUR,314.88
96,639,2026-02-01 18:16:17,completed,USD,84.98
97,254,2025-05-22 08:39:11,cancelled,USD,1137.35
98,415,2025-07-23 19:28:34,processing,RUB,844.88
99,698,2024-11-29 18:47:11,completed,RUB,221.85
100,146,2025-05-09 09:51:28,completed,RUB,521.28
101,488,2024-12-06 16:09:32,processing,EUR,479.95
102,282,2026-02-25 00:07:38,completed,EUR,237.34
103,291,2025-03-13 00:28:18,cancelled,USD,294.46
104,44,2024-07-24 16:52:25,cancelled,RUB,478.54
105,10,2025-07-09 08:11:57,cancelled,RUB,566.4
106,526,2025-02-04 08:04:09,cancelled,RUB,994.23
107,733,2025-03-24 02:52:08,cancelled,USD,1387.5
108,484,2026-05-10 13:46:51,completed,RUB,1949.75
109,715,2026-01-22 01:29:38,completed,EUR,889.1999999999999
110,31,2025-02-20 16:59:27,cancelled,EUR,335.98
111,238,2024-08-12 13:11:37,cancelled,USD,123.32
112,66,2025-05-26 09:03:41,cancelled,USD,424.93
113,622,,cancelled,RUB,334.74
114,137,2025-03-31 04:56:45,processing,EUR,211.8
115,293,2025-11-10 13:13:15,processing,USD,1635.12
116,25,2026-01-13 21:40:34,cancelled,USD,52.58
117,418,2026-04-20 23:35:56,cancelled,RUB,302.4
118,195,2025-01-29 11:54:39,processing,EUR,1021.68
119,142,2024-11-12 23:50:58,completed,RUB,1753.0
120,530,2024-11-10 02:17:03,completed,RUB,70.44
121,230,2026-04-27 05:16:40,completed,EUR,603.9300000000001
122,295,2025-03-21 17:24:27,cancelled,RUB,2332.95
123,634,2026-01-15 10:07:41,completed,EUR,295.56
124,347,2025-05-22 13:19:40,processing,RUB,78.25
125,64,2024-06-30 04:32:38,cancelled,RUB,2265.6
126,73,2026-01-05 16:08:09,completed,RUB,2326.95
127,278,2025-06-11 06:46:36,cancelled,RUB,1034.92
128,490,2025-02-16 17:19:12,completed,USD,41.02
129,548,2024-10-10 05:33:46,cancelled,USD,280.72
130,713,2024-07-28 03:23:12,processing,EUR,387.55
131,377,2025-03-15 15:56:30,completed,USD,126.7
132,233,2024-12-07 21:59:01,completed,USD,1441.6999999999998
133,79,2024-06-30 02:15:14,processing,EUR,94.26
134,251,2024-07-24 18:10:54,completed,USD,978.24
135,257,2025-11-15 21:10:09,processing,USD,1349.52
136,310,2024-12-16 14:03:33,cancelled,USD,1307.4
137,327,2025-11-14 17:50:07,cancelled,EUR,179.85
138,287,2024-07-27 02:02:58,completed,RUB,614.8
139,126,2025-03-12 13:19:35,processing,USD,55.16
140,465,,cancelled,RUB,142.45
141,87,2024-11-22 10:03:57,cancelled,EUR,1010.92
142,46,2024-06-21 18:11:12,completed,RUB,1083.68
143,555,2026-01-20 17:47:18,processing,EUR,1898.45
144,222,2026-04-27 02:30:56,completed,EUR,1113.5
145,567,2026-02-01 16:38:24,cancelled,RUB,1292.01
146,587,2025-07-30 06:35:05,processing,EUR,268.95000000000005
147,244,,cancelled,USD,155.73
148,346,2026-04-16 09:29:43,processing,RUB,561.6899999999999
149,0,2025-12-23 08:43:40,cancelled,USD,1258.92
150,18,2025-10-25 02:44:55,cancelled,RUB,735.9000000000001
151,60,2025-12-12 07:34:25,completed,USD,1401.05
152,265,2025-01-02 21:37:59,completed,RUB,289.36
153,633,2024-08-31 00:40:39,processing,RUB,100.29
154,0,2025-10-07 08:23:37,completed,EUR,476.33
155,695,2024-06-26 06:58:28,cancelled,RUB,1809.9
156,112,2026-03-04 14:51:16,processing,USD,239.75
157,381,2025-11-30 22:33:38,completed,EUR,324.52
158,335,2026-02-01 06:35:02,cancelled,EUR,1798.88
159,0,2024-09-12 20:13:58,completed,RUB,1397.5500000000002
160,624,2025-04-18 02:42:29,completed,RUB,1969.5
161,388,2025-06-10 05:09:07,completed,RUB,393.46
162,230,2026-01-13 00:37:05,processing,RUB,1848.1999999999998
163,53,2024-07-14 11:16:09,processing,EUR,1130.5
164,301,2024-11-20 00:21:21,processing,EUR,369.42
165,247,2024-11-15 19:59:58,processing,EUR,749.28
166,79,2026-01-27 07:15:51,processing,EUR,614.35
167,129,2025-08-10 23:00:21,processing,RUB,1361.24
168,267,2024-10-05 21:09:23,completed,EUR,49.94
169,590,2025-12-16 11:43:48,completed,EUR,901.88
170,124,2024-07-04 00:43:16,cancelled,USD,1496.0
171,25,2025-10-14 16:25:35,cancelled,RUB,524.6
172,363,2025-05-05 21:19:11,cancelled,USD,717.74
173,606,2025-08-07 19:03:56,cancelled,EUR,46.14
174,646,2025-04-13 13:02:20,processing,RUB,1143.75
175,188,2026-01-30 17:19:42,processing,USD,255.3
176,379,2024-09-30 18:11:24,cancelled,RUB,674.73
177,100,2025-10-30 11:46:58,processing,RUB,286.42
178,437,2026-03-12 13:45:39,cancelled,USD,954.44
179,532,2025-10-25 11:42:13,completed,EUR,176.22
180,295,2025-09-29 23:52:34,completed,EUR,302.7
181,238,2025-09-18 07:05:05,completed,RUB,561.12
182,613,2025-04-08 09:35:44,cancelled,USD,1367.8999999999999
183,27,2026-01-15 23:42:13,completed,EUR,1094.95
184,465,2025-08-02 15:32:50,cancelled,EUR,227.76
185,89,2025-11-29 12:19:55,processing,USD,484.54
186,77,2025-07-02 04:27:43,processing,RUB,696.5999999999999
187,76,2024-09-23 19:47:51,cancelled,RUB,222.36
188,195,2025-01-13 06:57:11,completed,RUB,475.1
189,141,2025-05-22 19:12:56,completed,EUR,679.88
190,497,2024-08-15 06:28:06,processing,RUB,223.74
191,741,,processing,RUB,250.44
192,0,2026-02-22 20:57:33,processing,RUB,981.7
193,358,2025-10-22 22:54:11,processing,USD,880.34
194,497,2025-10-12 22:32:36,completed,EUR,924.95
195,225,2025-01-18 13:40:18,completed,EUR,646.8
196,679,2024-11-10 12:08:51,processing,EUR,1001.0999999999999
197,132,2026-03-15 09:35:27,completed,RUB,1218.08
198,298,2025-06-17 01:44:38,processing,EUR,159.16
199,326,2025-12-12 08:17:10,cancelled,USD,821.4
200,746,2025-08-25 21:36:30,processing,EUR,161.17
201,171,2024-07-06 21:06:12,cancelled,RUB,474.46
202,133,,cancelled,USD,403.18
203,567,2024-08-17 22:28:14,processing,USD,374.86
204,406,2024-07-06 17:20:27,completed,EUR,912.44
205,567,2024-06-21 23:12:00,processing,RUB,424.29
206,408,2026-04-01 21:38:04,processing,USD,473.15999999999997
207,0,2026-04-16 19:33:10,completed,USD,1324.36
208,79,2024-07-14 18:46:24,processing,RUB,79.52
209,156,2025-09-26 22:48:33,cancelled,RUB,420.8
210,436,,processing,USD,704.58
211,591,2026-03-20 06:39:06,cancelled,EUR,118.9
212,495,2025-07-04 22:22:06,processing,USD,649.3000000000001
213,404,2024-10-23 14:42:10,cancelled,RUB,231.61
214,238,2024-11-07 03:04:13,processing,EUR,324.98
215,86,2025-02-03 05:15:18,cancelled,USD,1203.08
216,632,2024-08-29 12:33:18,cancelled,USD,1913.4
217,422,2024-06-07 12:17:40,processing,RUB,55.78
218,417,2025-03-24 01:55:25,cancelled,EUR,759.94
219,321,2024-08-26 01:23:56,processing,RUB,1429.4
220,84,2024-06-03 07:51:48,processing,USD,194.09
221,125,2025-02-27 04:51:18,completed,EUR,29.14
222,642,2025-09-15 14:00:09,completed,USD,1074.4499999999998
223,446,2026-04-17 17:35:09,processing,RUB,798.06
224,666,2024-09-03 01:46:21,processing,RUB,806.76
225,620,2025-07-06 22:40:26,completed,RUB,1392.81
226,537,2025-08-26 20:29:02,completed,USD,641.97
227,6,2024-08-08 20:07:49,completed,EUR,273.49
228,640,2026-04-06 22:52:01,processing,USD,965.4300000000001
229,15,2024-12-05 00:47:34,processing,EUR,1185.56
230,413,2024-06-14 23:45:54,processing,USD,95.92
231,222,2025-02-13 09:44:40,processing,RUB,72.09
232,393,2025-07-05 21:17:33,processing,RUB,1531.6999999999998
233,485,,completed,USD,989.3
234,147,2025-05-17 09:16:54,processing,USD,144.35999999999999
235,451,2024-11-05 06:23:21,processing,USD,765.54
236,403,2025-01-25 19:01:01,processing,RUB,735.8
237,81,2024-09-18 04:11:01,cancelled,EUR,946.58
238,574,2025-06-21 14:31:01,processing,RUB,1037.49
239,357,2026-03-19 16:06:36,completed,EUR,1550.64
240,632,2025-06-08 09:46:59,completed,USD,394.8
241,453,2024-10-09 20:20:05,cancelled,USD,810.45
242,515,2024-12-03 04:37:05,cancelled,RUB,327.14
243,45,2025-01-22 21:58:28,processing,RUB,949.14
244,483,2026-04-27 22:34:06,completed,RUB,380.6
245,40,2026-05-07 07:48:25,completed,USD,711.52
246,430,2025-07-16 07:42:17,completed,USD,1289.44
247,558,2025-05-18 00:17:52,processing,EUR,1856.75
248,174,2025-01-25 03:55:58,cancelled,RUB,789.03
249,684,2024-07-27 21:24:42,completed,EUR,411.4
250,0,2024-05-26 13:31:05,cancelled,RUB,1052.65
251,281,2024-11-03 05:18:11,processing,RUB,1153.6
252,475,2025-08-15 11:36:09,processing,USD,734.96
253,642,2024-09-08 17:33:57,completed,EUR,116.59
254,742,2025-01-26 10:56:07,cancelled,RUB,752.46
255,55,2025-03-29 22:25:02,completed,EUR,236.43
256,193,2024-12-28 05:27:39,completed,EUR,411.24
257,502,2025-01-13 09:24:38,completed,RUB,1151.7
258,600,2025-03-18 04:08:39,processing,EUR,993.88
259,699,2024-07-22 05:57:58,completed,RUB,1401.45
260,526,2025-12-09 18:12:37,processing,USD,551.24
261,647,2024-08-22 14:33:17,processing,RUB,841.35
262,603,2024-07-28 06:00:50,cancelled,USD,318.44
263,487,2025-04-23 14:36:41,completed,EUR,101.68
264,479,2025-12-22 02:57:46,processing,EUR,1626.08
265,712,2024-06-15 11:33:33,cancelled,EUR,267.52
266,495,2025-11-08 18:40:38,cancelled,RUB,767.9
267,437,2024-06-09 12:27:40,completed,USD,1202.44
268,308,2024-08-24 11:29:22,completed,RUB,536.25
269,680,2026-04-01 17:16:03,cancelled,USD,161.54
270,406,,cancelled,USD,216.4
271,83,2025-06-20 14:34:44,processing,USD,216.72
272,569,2025-03-16 22:07:47,processing,USD,352.28
273,704,2025-06-01 05:00:46,completed,EUR,1350.12
274,397,2024-10-12 11:40:32,processing,EUR,411.88
275,748,2026-05-02 22:23:00,completed,EUR,225.55
276,228,2026-03-19 00:01:23,completed,EUR,381.74
277,626,2024-09-10 11:55:03,completed,USD,326.33
278,46,2025-09-10 18:39:35,completed,USD,594.5699999999999
279,292,2025-10-17 03:31:24,completed,EUR,108.28
280,408,2026-01-28 09:06:56,processing,EUR,1620.2
281,415,,processing,RUB,219.24
282,0,2025-12-30 22:03:00,cancelled,USD,868.0
283,265,2025-04-23 22:03:33,processing,EUR,1024.04
284,374,2024-12-23 22:02:08,completed,EUR,1082.16
285,8,2024-08-07 04:58:00,processing,RUB,681.7
286,466,2026-04-19 03:51:00,cancelled,EUR,69.56
287,52,2025-11-27 14:56:49,completed,RUB,655.77
288,556,2025-09-14 03:02:19,processing,EUR,74.32
289,37,2024-11-17 12:17:24,completed,EUR,270.32
290,87,2025-06-21 03:29:25,cancelled,EUR,640.26
291,470,2025-03-14 05:28:31,cancelled,USD,1444.1999999999998
292,0,2026-01-27 07:05:31,cancelled,RUB,197.14
293,653,2025-07-12 13:09:13,processing,RUB,100.13
294,669,2024-11-09 04:34:29,cancelled,USD,1931.72
295,311,2025-08-12 21:05:17,processing,USD,700.38
296,485,2026-01-24 12:05:25,processing,USD,1127.91
297,0,2025-11-17 22:02:44,cancelled,EUR,684.64
298,0,2024-08-20 10:16:22,processing,EUR,289.28
299,326,2026-03-29 17:26:48,processing,RUB,354.96
300,730,2025-10-05 13:34:13,cancelled,EUR,1284.16
301,488,,cancelled,EUR,499.86
302,511,2025-12-12 16:55:50,completed,USD,541.16
303,647,2025-08-13 15:08:24,cancelled,RUB,111.7
304,299,2025-04-05 19:43:06,completed,RUB,97.96
305,640,2026-01-14 07:40:00,processing,EUR,378.18
306,503,2026-02-01 07:58:13,completed,RUB,372.65
307,406,2025-02-07 09:01:17,processing,USD,758.9
308,419,2025-06-26 06:26:09,completed,EUR,733.25
309,681,2024-09-30 11:56:24,completed,RUB,768.39
310,414,2024-11-23 04:42:05,cancelled,USD,347.64
311,4,2024-07-10 01:16:50,cancelled,RUB,1326.12
312,595,2024-09-06 02:44:52,completed,USD,410.2
313,142,2024-11-17 21:29:55,completed,RUB,303.79
314,333,2025-01-30 02:53:28,processing,EUR,1381.36
315,616,2024-11-21 09:02:00,cancelled,USD,1302.75
316,378,2025-12-05 04:59:49,completed,USD,1876.8
317,301,2025-09-29 19:46:51,cancelled,USD,1179.8999999999999
318,248,2024-10-31 15:03:24,completed,RUB,1621.3999999999999
319,251,2024-11-10 08:53:48,processing,RUB,376.82
320,482,2024-09-21 11:13:16,completed,RUB,1916.84
321,733,2025-08-12 12:11:26,processing,EUR,1801.15
322,62,2026-04-26 06:28:07,processing,RUB,188.05
323,666,2024-11-14 05:56:07,completed,EUR,81.53
324,740,2025-12-23 17:39:44,completed,USD,238.68
325,271,2024-07-08 11:34:56,completed,RUB,234.54
326,267,2025-05-15 02:31:04,processing,RUB,1187.43
327,282,2025-11-27 20:08:34,cancelled,USD,531.34
328,578,2025-11-12 11:10:17,processing,EUR,576.28
329,451,2024-12-31 05:39:33,cancelled,EUR,163.6
330,653,2025-04-30 20:13:55,cancelled,RUB,792.25
331,373,2026-04-21 10:54:11,cancelled,RUB,1044.3000000000002
332,660,2025-01-16 16:34:01,processing,EUR,799.3199999999999
333,174,2026-01-29 06:18:42,cancelled,USD,1798.4
334,231,2024-11-05 07:28:43,processing,RUB,924.69
335,202,2024-05-31 07:57:22,processing,RUB,421.59
336,208,2026-04-23 13:41:35,cancelled,RUB,476.49
337,567,2024-11-29 00:25:54,processing,USD,2187.9
338,536,2024-09-05 02:38:27,completed,RUB,695.9
339,707,2026-02-08 16:59:47,processing,EUR,701.1
340,195,2025-05-06 08:39:08,completed,USD,532.1
341,250,2025-03-19 17:25:34,processing,USD,232.6
342,75,2025-09-02 05:19:35,processing,USD,243.26
343,221,2025-07-15 22:13:46,processing,USD,295.04
344,200,2025-05-02 03:15:54,processing,EUR,1984.8
345,278,2025-05-18 07:28:32,cancelled,EUR,1234.05
346,545,2025-09-11 12:25:21,completed,RUB,1282.5
347,187,2026-03-04 07:26:16,completed,USD,1202.75
348,443,2025-11-29 11:19:54,completed,RUB,711.16
349,199,2026-02-09 01:20:56,processing,EUR,321.06
350,484,2024-11-08 04:03:27,cancelled,RUB,565.2
351,161,2025-08-01 02:43:00,cancelled,RUB,855.32
352,529,2025-12-08 03:35:40,cancelled,EUR,1568.32
353,484,2025-05-06 19:17:35,processing,EUR,243.12
354,323,2024-12-30 14:58:30,completed,USD,1534.88
355,419,2025-04-23 00:58:45,completed,USD,1543.4
356,678,2024-07-11 21:38:37,cancelled,EUR,64.80000000000001
357,572,2024-10-23 05:27:16,completed,EUR,625.2
358,77,2025-03-11 00:29:53,completed,RUB,1885.32
359,676,2026-03-03 10:39:42,cancelled,RUB,529.68
360,61,2025-03-16 11:17:52,completed,EUR,820.71
361,484,2025-12-22 17:22:10,completed,RUB,1466.46
362,155,2024-09-21 10:18:22,processing,USD,265.59999999999997
363,560,2025-11-18 15:27:17,completed,RUB,2052.4
364,70,2025-06-07 03:08:54,processing,EUR,1437.09
365,220,2024-09-25 08:03:08,cancelled,USD,749.92
366,619,,cancelled,EUR,324.7
367,50,2025-12-18 18:39:04,completed,RUB,965.0
368,517,2025-09-30 10:29:37,processing,RUB,1255.4
369,69,2025-05-23 00:36:59,processing,RUB,1962.45
370,90,2026-03-26 19:54:32,cancelled,RUB,756.86
371,477,2024-05-25 09:49:13,processing,USD,657.44
372,590,2024-08-25 16:12:46,cancelled,EUR,1783.2
373,7,2025-09-28 09:39:54,cancelled,EUR,120.36
374,229,2024-10-26 14:15:25,processing,RUB,1171.5
375,364,2026-03-07 18:00:56,cancelled,USD,423.9
376,186,2024-07-18 15:44:12,completed,RUB,391.94
377,336,2024-12-28 14:26:55,cancelled,USD,217.66
378,239,2025-11-12 06:14:38,cancelled,EUR,70.14
379,27,2025-03-26 05:14:05,cancelled,EUR,392.8
380,204,2025-07-23 02:03:28,processing,USD,55.5
381,742,2025-08-19 11:17:48,cancelled,EUR,137.96
382,325,2025-09-12 06:13:43,cancelled,EUR,401.9
383,521,2024-12-31 03:18:39,completed,EUR,196.21
384,364,2025-06-24 20:15:33,completed,RUB,222.73
385,719,2024-12-20 09:45:09,processing,USD,1756.84
386,663,2025-04-16 02:31:48,processing,USD,193.82
387,160,2025-01-16 21:36:42,cancelled,USD,39.98
388,633,2026-03-31 23:44:25,processing,RUB,191.14
389,685,2024-06-20 23:42:54,completed,USD,395.41
390,314,2025-07-29 18:43:19,cancelled,USD,944.22
391,30,2025-06-12 10:42:51,cancelled,USD,915.3
392,613,2024-07-01 16:35:23,cancelled,USD,17.32
393,68,2025-03-05 20:27:13,completed,RUB,1718.04
394,618,,cancelled,EUR,960.2
395,673,2025-06-28 14:30:24,completed,RUB,244.12
396,129,2025-04-24 20:58:29,processing,USD,241.04
397,414,2024-12-29 01:57:27,cancelled,USD,241.7
398,728,2025-09-28 06:39:23,cancelled,EUR,1316.3999999999999
399,433,2026-04-23 10:43:59,completed,EUR,376.49
400,203,,cancelled,USD,419.34
401,0,2025-06-11 00:17:34,cancelled,RUB,306.0
402,220,2025-03-25 06:00:52,cancelled,EUR,270.92
403,346,2026-01-10 23:31:38,cancelled,EUR,1216.26
404,680,2025-04-25 12:30:28,processing,EUR,694.0
405,27,2025-10-25 02:47:47,processing,USD,975.58
406,730,2024-11-13 04:33:32,processing,RUB,695.28
407,187,2025-07-25 17:57:57,completed,RUB,527.4499999999999
408,204,2025-09-22 06:41:23,processing,RUB,1960.8500000000001
409,49,2025-08-28 16:00:37,cancelled,RUB,699.82
410,163,2025-07-14 09:44:10,processing,RUB,604.35
411,625,2025-02-17 13:01:00,cancelled,EUR,479.94
412,535,2024-09-02 10:06:07,completed,RUB,670.96
413,77,2025-09-27 20:11:37,processing,RUB,336.87
414,69,2025-02-20 12:21:36,cancelled,USD,491.32
415,164,2025-04-12 06:09:13,completed,EUR,263.6
416,283,2025-02-02 03:41:55,cancelled,USD,2363.65
417,146,2025-03-17 06:20:48,processing,RUB,322.01
418,106,2025-04-05 16:26:16,processing,EUR,667.22
419,625,2025-01-30 01:54:30,cancelled,USD,1316.6100000000001
420,116,2024-11-29 04:07:33,cancelled,RUB,878.72
421,231,2025-12-08 13:07:27,processing,EUR,2401.35
422,507,2024-12-03 23:15:59,processing,USD,151.04
423,283,2025-02-14 11:05:55,completed,EUR,646.89
424,14,2026-05-17 14:53:41,cancelled,USD,594.06
425,682,2025-06-27 07:09:19,processing,RUB,1138.92
426,532,2025-07-10 14:42:15,processing,RUB,304.81
427,98,2025-07-21 07:00:28,cancelled,RUB,882.78
428,404,2026-01-23 03:25:00,completed,RUB,1710.36
429,409,2024-05-30 01:37:34,processing,USD,1351.36
430,0,2024-10-30 04:04:52,processing,EUR,153.22
431,468,2025-05-29 10:18:19,cancelled,USD,548.01
432,49,2026-05-12 03:05:24,processing,USD,1159.8600000000001
433,561,2024-08-20 19:43:46,completed,USD,1178.01
434,342,2024-09-01 07:17:34,processing,EUR,330.2
435,93,2024-06-25 08:33:10,cancelled,EUR,1293.36
436,725,2024-12-27 06:16:13,cancelled,USD,1795.72
437,17,2025-04-11 08:00:59,processing,RUB,1765.5500000000002
438,552,2026-04-28 05:36:27,processing,USD,107.32
439,415,2025-06-16 15:02:20,cancelled,EUR,813.27
440,107,2025-04-17 19:27:01,completed,USD,931.74
441,454,2026-01-26 02:15:26,cancelled,EUR,674.18
442,230,2026-02-09 15:59:48,completed,EUR,877.64
443,13,2025-07-02 16:02:46,processing,EUR,1234.0
444,565,2025-05-30 11:56:15,processing,RUB,850.94
445,590,2026-02-18 11:03:07,cancelled,EUR,1068.93
446,380,2024-07-09 02:29:35,processing,EUR,333.76
447,138,2024-06-04 16:01:21,completed,RUB,799.64
448,520,2025-04-19 03:20:11,processing,RUB,405.55
449,357,2024-07-31 06:08:40,cancelled,USD,2061.65
450,589,2024-05-31 21:00:43,completed,EUR,1014.4
451,23,2026-01-11 00:54:53,completed,EUR,448.96
452,699,2025-05-02 08:31:05,processing,RUB,867.54
453,613,2025-07-21 07:05:18,cancelled,USD,986.48
454,552,2025-01-08 13:28:26,completed,RUB,578.46
455,553,2024-08-17 19:56:18,processing,USD,485.74
456,123,2024-06-27 20:13:18,processing,RUB,269.59
457,200,2025-02-06 09:12:15,processing,USD,839.02
458,123,2025-01-16 12:26:40,cancelled,RUB,1165.04
459,391,2024-07-22 14:02:49,completed,EUR,298.98
460,725,2024-10-31 08:29:29,completed,EUR,100.44
461,360,2025-12-11 07:20:39,cancelled,USD,694.05
462,21,2024-08-31 09:01:30,completed,EUR,194.89999999999998
463,2,2025-09-28 23:52:28,processing,EUR,170.16
464,577,2026-01-06 10:52:42,completed,RUB,204.72
465,549,2024-12-02 21:51:22,cancelled,RUB,607.72
466,724,2025-09-29 10:06:24,processing,EUR,414.7
467,40,2025-06-28 07:08:38,completed,EUR,405.53
468,358,2026-01-08 15:27:32,processing,EUR,902.22
469,159,2025-06-07 05:47:39,cancelled,RUB,1860.08
470,120,2025-01-27 19:24:41,completed,USD,378.38
471,0,2026-02-03 22:33:35,completed,RUB,1629.36
472,533,2024-12-29 07:25:46,processing,RUB,1429.35
473,404,2026-03-15 00:57:18,cancelled,EUR,500.88
474,642,2024-09-17 18:27:55,cancelled,EUR,250.33
475,575,2025-07-21 15:14:59,processing,EUR,1984.88
476,43,2025-09-07 06:10:12,completed,RUB,1882.25
477,657,2026-03-27 06:31:54,completed,EUR,33.13
478,361,2025-06-04 16:37:08,processing,RUB,1487.52
479,380,2025-03-21 01:49:33,processing,USD,116.68
480,328,2025-11-04 03:05:23,completed,RUB,579.72
481,391,2025-10-04 07:11:23,completed,USD,36.96
482,400,2025-01-23 22:06:10,completed,USD,127.72
483,637,2024-05-30 23:47:26,cancelled,RUB,1373.56
484,210,2025-06-10 06:28:46,cancelled,USD,631.53
485,387,2025-05-17 12:50:32,processing,USD,536.72
486,0,2024-07-23 07:40:02,processing,USD,669.7
487,118,2024-10-19 22:53:44,completed,RUB,170.36
488,263,2026-02-23 12:10:36,processing,EUR,598.24
489,268,2024-09-28 18:19:43,completed,RUB,951.2
490,131,2024-09-21 09:36:19,cancelled,USD,254.32
491,189,2024-12-14 16:37:29,cancelled,RUB,128.46
492,147,2025-12-03 03:30:59,processing,USD,1928.65
493,0,,cancelled,EUR,354.52
494,474,2026-01-07 10:33:47,completed,EUR,784.88
495,231,2026-03-03 01:52:52,completed,EUR,89.6
496,617,2025-09-28 17:55:52,completed,EUR,556.18
497,702,2025-04-26 20:45:02,cancelled,USD,313.11
498,40,2025-10-14 11:30:50,completed,USD,25.78
499,397,2025-08-15 13:41:54,processing,USD,766.94
500,0,2025-01-03 19:25:25,cancelled,RUB,1876.92
501,703,2025-09-25 01:15:16,cancelled,RUB,689.22
502,652,2024-11-25 01:45:07,completed,EUR,465.14
503,294,2024-11-25 16:12:59,processing,USD,1998.32
504,22,2025-03-18 12:30:07,completed,RUB,235.37
505,412,2024-12-07 02:39:32,cancelled,EUR,943.04
506,464,2024-09-13 02:37:26,completed,RUB,526.5600000000001
507,741,2026-01-20 05:29:54,cancelled,RUB,577.02
508,475,2026-02-11 21:14:42,cancelled,EUR,774.64
509,145,2025-11-22 20:08:50,completed,RUB,628.64
510,205,2024-06-22 22:27:45,completed,RUB,666.46
511,0,2026-03-08 08:04:01,completed,EUR,1684.1499999999999
512,657,2026-03-27 02:29:39,completed,EUR,167.66
513,134,2024-05-27 14:51:43,processing,RUB,2335.9
514,644,2026-05-18 12:10:53,cancelled,USD,52.02
515,93,2025-09-25 15:17:28,completed,USD,748.72
516,372,2026-04-14 04:04:52,cancelled,RUB,971.16
517,311,2026-02-18 07:07:34,processing,USD,180.0
518,420,2024-06-14 04:42:03,completed,EUR,1411.72
519,680,2025-09-07 04:14:58,cancelled,USD,380.28
520,389,2025-03-25 19:11:46,processing,EUR,1735.9
521,586,2025-01-16 01:10:03,cancelled,RUB,1895.36
522,88,2026-02-22 10:17:49,completed,RUB,631.56
523,114,2025-06-10 05:59:22,processing,EUR,962.34
524,86,2025-10-18 14:56:54,completed,RUB,71.28
525,374,2024-12-09 04:01:49,cancelled,USD,1473.6
526,171,2024-07-18 17:00:22,completed,EUR,416.79
527,280,2025-03-10 09:44:44,completed,EUR,1332.44
528,134,2025-11-14 05:42:45,cancelled,USD,369.97
529,205,2024-10-28 18:48:41,cancelled,EUR,350.69
530,376,2025-02-23 09:30:43,cancelled,EUR,838.12
531,737,2026-02-09 18:37:19,processing,EUR,422.01
532,327,2024-07-13 20:40:29,completed,USD,407.27
533,182,2026-04-21 00:06:51,processing,USD,783.3
534,14,2026-04-09 23:16:20,cancelled,RUB,222.45000000000002
535,647,2025-01-03 01:01:30,completed,USD,310.16
536,84,2024-07-09 13:23:08,completed,RUB,11.88
537,52,2025-08-29 04:58:20,processing,USD,521.95
538,724,2025-12-03 00:11:36,completed,USD,2169.25
539,0,2024-10-02 23:24:52,completed,RUB,278.0
540,717,2025-09-20 07:21:58,completed,EUR,203.3
541,405,2026-01-14 12:15:20,completed,RUB,1060.1000000000001
542,437,2025-12-21 19:54:49,cancelled,RUB,539.94
543,166,2024-08-31 13:01:48,cancelled,USD,1356.96
544,82,2026-03-31 22:06:52,cancelled,RUB,63.52
545,603,2026-01-04 05:37:27,cancelled,USD,1711.6
546,745,2025-08-26 05:48:34,cancelled,EUR,766.08
547,560,2024-06-30 15:26:30,cancelled,RUB,467.84999999999997
548,477,2026-02-16 16:37:36,completed,EUR,948.72
549,146,2024-08-15 02:45:01,processing,EUR,437.95
550,153,,completed,USD,168.02
551,17,2026-05-08 03:59:50,completed,EUR,320.70000000000005
552,311,2025-03-02 19:07:25,processing,EUR,364.77
553,512,2025-09-15 18:40:28,cancelled,RUB,497.6
554,109,2025-06-01 19:47:12,processing,USD,1231.32
555,507,2024-07-26 09:29:02,cancelled,RUB,478.86
556,646,2024-06-03 06:38:09,cancelled,USD,348.54999999999995
557,350,2025-12-16 08:12:51,completed,EUR,382.18
558,458,2025-06-08 18:13:38,cancelled,EUR,1041.78
559,288,2025-09-15 05:10:04,processing,USD,1056.54
560,587,2025-12-11 12:25:01,processing,USD,1543.0
561,482,2025-10-25 13:12:58,cancelled,USD,198.23
562,84,2025-01-10 18:26:28,cancelled,EUR,128.37
563,729,2025-04-11 19:24:21,completed,USD,242.14
564,336,2025-12-23 05:46:57,cancelled,EUR,408.0
565,322,2025-04-29 04:26:27,completed,RUB,958.58
566,303,2025-01-10 11:11:50,completed,RUB,533.04
567,386,2024-11-20 19:29:59,cancelled,USD,156.11
568,0,2024-08-27 03:47:47,cancelled,EUR,194.28
569,641,2024-09-15 02:40:41,cancelled,USD,1526.6
570,283,2024-10-04 12:22:10,completed,USD,269.46
571,127,2024-08-24 12:43:59,processing,EUR,762.88
572,27,2024-06-09 08:38:27,processing,RUB,388.88
573,290,2025-01-30 15:24:11,cancelled,USD,442.8
574,66,2026-02-07 04:35:54,completed,RUB,266.16
575,369,2024-12-24 06:16:42,cancelled,USD,713.4
576,559,2025-06-25 12:39:27,completed,RUB,1401.4
577,460,2025-11-17 04:00:02,completed,USD,364.26
578,54,2024-09-26 19:07:13,completed,USD,123.08
579,141,2025-11-03 01:52:31,completed,EUR,77.76
580,686,2025-11-07 10:39:50,completed,RUB,29.66
581,236,,completed,EUR,294.98
582,407,2024-06-28 07:56:18,processing,RUB,739.4499999999999
583,398,2024-10-15 10:35:18,cancelled,USD,677.9000000000001
584,403,2025-01-06 18:15:25,cancelled,RUB,228.32
585,210,2024-09-21 14:53:48,processing,USD,373.98
586,306,2024-09-22 19:16:13,completed,EUR,2053.75
587,664,2025-01-17 23:47:28,completed,USD,348.69
588,222,2025-09-20 22:01:04,processing,RUB,509.6
589,336,2025-01-31 08:21:16,processing,EUR,922.4
590,293,2024-06-04 00:07:34,completed,USD,96.12
591,635,,cancelled,EUR,1397.34
592,747,2026-02-16 12:06:53,cancelled,RUB,190.34
593,382,2026-01-11 11:57:19,cancelled,USD,155.76
594,146,2025-02-09 21:31:07,cancelled,RUB,137.92
595,0,2025-06-11 09:31:40,cancelled,RUB,466.14
596,0,2025-01-31 05:29:22,completed,USD,368.4
597,408,,completed,EUR,887.68
598,14,2024-07-20 17:53:35,processing,EUR,480.12
599,491,2025-08-23 09:29:12,processing,USD,1445.8799999999999
600,459,2024-07-07 14:26:58,processing,EUR,438.03
601,501,2025-11-19 02:59:51,cancelled,USD,150.39
602,468,2025-10-18 21:05:00,processing,EUR,998.1299999999999
603,150,2025-03-03 19:37:16,cancelled,EUR,380.96
604,356,2024-12-18 23:40:55,cancelled,EUR,1364.4
605,89,2025-05-01 22:32:45,cancelled,RUB,1389.33
606,553,2025-05-05 21:11:10,processing,RUB,178.29
607,350,2024-09-11 00:25:10,completed,RUB,854.08
608,710,2025-11-01 02:47:01,processing,RUB,495.35
609,107,2025-06-29 07:44:34,processing,USD,1678.3500000000001
610,727,2024-11-17 19:35:42,cancelled,EUR,1105.83
611,536,2025-06-24 14:31:06,completed,EUR,910.3
612,656,2025-11-04 09:51:24,cancelled,RUB,721.88
613,148,2025-03-24 14:19:52,completed,EUR,385.5
614,555,2024-10-29 10:39:31,completed,USD,43.04
615,213,2024-09-26 03:59:58,cancelled,EUR,42.84
616,367,,completed,EUR,785.5500000000001
617,312,2025-10-27 01:52:41,processing,RUB,1285.04
618,504,2026-05-22 12:16:39,cancelled,RUB,75.63
619,552,2024-11-09 00:38:26,completed,EUR,1569.5500000000002
620,0,2024-12-25 10:46:33,completed,RUB,242.69
621,252,2025-01-28 17:02:53,completed,RUB,232.8
622,619,2026-04-30 09:32:01,completed,RUB,842.3700000000001
623,629,,processing,RUB,601.56
624,456,2026-05-12 18:48:52,processing,EUR,1054.77
625,0,2025-10-13 06:44:24,completed,EUR,1253.1999999999998
626,41,2024-11-26 11:07:19,cancelled,USD,346.54
627,498,2025-08-19 15:49:14,completed,USD,777.02
628,229,2024-06-16 21:07:22,completed,EUR,488.32
629,169,2025-09-18 07:00:44,cancelled,EUR,1428.8
630,716,2026-05-20 01:17:09,cancelled,USD,963.21
631,35,2024-08-09 19:58:52,processing,USD,171.2
632,367,2025-05-22 12:28:26,completed,USD,908.48
633,166,2025-11-07 10:36:22,processing,RUB,457.18
634,270,2025-04-04 00:45:17,completed,USD,590.48
635,238,2025-01-25 16:10:01,completed,USD,61.92
636,116,2025-06-23 17:54:14,completed,USD,71.7
637,492,2026-05-03 15:52:01,completed,USD,977.4
638,398,2024-06-29 04:45:34,completed,USD,81.6
639,70,2026-05-15 09:16:08,cancelled,USD,287.42
640,641,2025-02-12 07:54:12,cancelled,EUR,627.39
641,0,2025-09-11 08:52:23,processing,RUB,604.4399999999999
642,131,2025-12-29 08:42:14,completed,RUB,2227.4
643,614,2024-06-23 01:41:42,completed,USD,222.04
644,576,2024-06-02 00:02:46,cancelled,USD,777.46
645,403,2025-05-15 18:31:43,cancelled,RUB,476.13
646,316,2026-05-20 21:35:10,processing,RUB,796.76
647,574,2026-04-26 21:43:09,processing,EUR,386.3
648,502,2025-04-22 16:03:12,cancelled,EUR,1596.85
649,278,2024-08-22 18:51:11,processing,EUR,326.8
650,196,2025-10-27 01:40:39,cancelled,EUR,790.98
651,613,2025-05-21 06:14:51,completed,USD,2231.85
652,704,2026-05-20 13:26:07,processing,EUR,836.8000000000001
653,178,2025-07-25 09:03:33,processing,USD,968.73
654,346,2024-06-06 04:48:33,processing,EUR,775.0
655,278,2024-08-17 08:34:55,cancelled,RUB,245.13
656,128,2025-04-06 23:23:11,cancelled,USD,46.4
657,466,2025-05-08 16:00:21,cancelled,EUR,781.3499999999999
658,53,2025-06-17 08:19:24,cancelled,EUR,1206.72
659,321,2024-06-26 18:51:58,completed,USD,1147.3799999999999
660,285,2026-02-22 06:26:13,completed,RUB,788.2
661,41,2024-05-31 05:15:51,cancelled,RUB,64.6
662,441,2026-01-17 23:26:36,cancelled,EUR,1448.0
663,243,2025-04-30 07:01:42,completed,USD,1150.65
664,555,2025-06-09 16:59:41,cancelled,RUB,289.91
665,128,2025-02-11 23:02:59,completed,RUB,257.18
666,226,,cancelled,RUB,669.72
667,219,2024-07-25 21:05:02,processing,EUR,1436.36
668,394,2025-08-22 01:23:05,processing,EUR,275.22
669,504,2024-06-03 21:07:34,processing,EUR,503.46
670,398,2024-05-26 22:14:52,processing,USD,242.43
671,700,2026-05-13 20:10:59,cancelled,EUR,233.56
672,255,2024-10-10 14:44:10,processing,EUR,1216.84
673,577,2024-10-02 21:19:33,processing,USD,1437.6
674,354,,cancelled,EUR,1459.4
675,262,2026-03-14 16:37:23,processing,USD,733.4399999999999
676,661,2025-07-18 13:06:29,completed,EUR,848.98
677,235,2025-10-10 12:20:00,cancelled,RUB,311.57
678,82,2025-10-31 13:58:42,completed,EUR,307.28
679,235,2026-03-30 11:43:19,completed,USD,123.59
680,587,2026-02-01 08:19:05,completed,EUR,302.48
681,0,2024-11-20 17:23:00,cancelled,USD,1795.6999999999998
682,184,2026-01-31 17:24:40,completed,RUB,1914.1
683,547,2026-01-22 09:55:27,processing,USD,169.48
684,22,2025-06-13 22:05:15,completed,USD,304.52
685,136,2026-03-18 16:09:20,completed,EUR,873.5699999999999
686,466,2025-12-03 13:25:40,completed,RUB,178.84
687,387,2026-04-11 23:00:17,processing,RUB,2007.15
688,555,2024-08-31 09:51:18,processing,RUB,1925.72
689,592,2024-10-23 18:27:58,processing,EUR,799.5
690,512,2026-05-05 23:28:08,completed,EUR,303.9
691,619,2025-01-31 23:34:54,completed,EUR,579.24
692,17,2024-06-23 19:05:44,processing,RUB,460.94
693,310,2024-08-04 15:45:42,cancelled,EUR,905.6
694,478,2026-03-16 07:15:52,completed,EUR,474.04
695,150,2025-04-20 13:36:56,cancelled,EUR,579.84
696,670,2025-07-16 23:02:26,cancelled,RUB,551.52
697,42,2025-08-19 11:07:14,cancelled,EUR,172.8
698,519,2024-09-12 10:15:50,completed,RUB,749.46
699,26,2025-07-10 06:58:06,processing,EUR,65.49
700,472,2025-01-31 11:26:48,completed,RUB,104.85000000000001
701,449,2024-08-14 00:27:24,processing,RUB,138.6
702,69,2025-07-05 17:34:46,processing,RUB,687.08
703,740,2025-06-06 16:04:58,cancelled,EUR,111.32
704,0,2025-03-09 19:48:46,cancelled,RUB,210.6
705,156,2025-01-12 02:06:40,completed,USD,20.56
706,272,2025-04-02 00:14:03,completed,USD,478.94
707,82,2024-12-31 18:19:55,cancelled,EUR,936.69
708,591,2026-03-19 01:02:38,completed,EUR,958.3499999999999
709,684,2025-10-14 23:53:09,completed,RUB,1722.3500000000001
710,23,2026-03-31 00:25:11,completed,RUB,786.4
711,606,2026-03-07 03:46:09,completed,RUB,413.79
712,255,2025-01-25 21:19:00,cancelled,RUB,351.72
713,410,2025-03-16 06:22:56,processing,RUB,128.82
714,68,2025-05-03 02:09:45,cancelled,EUR,223.46
715,485,2026-02-02 13:45:24,cancelled,USD,203.79000000000002
716,406,2025-07-09 22:19:07,cancelled,RUB,300.74
717,164,2026-05-22 00:47:50,completed,USD,59.32
718,554,2024-11-15 13:22:44,completed,USD,992.0
719,34,2024-06-02 02:11:46,processing,RUB,1027.74
720,586,2025-08-17 22:23:41,completed,USD,515.3100000000001
721,41,2024-08-28 09:30:41,completed,EUR,793.76
722,274,2025-04-14 13:20:31,completed,RUB,225.6
723,67,2024-12-01 21:59:26,completed,RUB,650.6
724,509,2024-08-10 17:49:44,processing,EUR,202.76
725,485,2025-09-05 20:00:02,cancelled,RUB,800.6999999999999
726,241,2026-02-16 03:22:16,processing,EUR,339.51
727,0,2024-07-02 05:57:50,completed,EUR,82.36
728,741,2024-06-05 21:56:08,cancelled,RUB,881.52
729,420,2026-01-02 21:25:48,cancelled,EUR,1837.0
730,0,2026-04-29 02:53:32,cancelled,USD,358.18
731,399,2025-05-07 18:31:30,completed,EUR,1576.12
732,335,2026-03-22 19:26:53,completed,RUB,1438.35
733,169,2025-08-07 15:12:22,completed,EUR,1756.04
734,144,2024-08-23 20:52:03,cancelled,RUB,1363.74
735,40,2026-02-17 09:59:57,completed,EUR,1206.3000000000002
736,108,2026-04-29 13:39:39,processing,USD,544.2
737,675,2025-08-25 04:23:35,processing,RUB,810.39
738,627,2024-10-09 11:55:54,processing,RUB,232.93
739,298,2024-11-04 21:07:02,processing,USD,149.4
740,643,2026-01-30 21:29:18,completed,RUB,1860.92
741,323,2024-11-11 05:09:43,completed,RUB,471.41999999999996
742,685,2024-09-26 13:22:59,completed,USD,36.3
743,461,,processing,EUR,479.73
744,0,2024-07-31 08:56:37,cancelled,RUB,1160.28
745,595,2025-02-19 09:47:10,processing,USD,1176.1200000000001
746,744,2025-09-09 01:47:11,cancelled,EUR,33.92
747,663,2025-11-15 02:59:42,completed,RUB,73.64
748,674,2025-12-17 15:47:22,cancelled,USD,907.84
749,100,2025-04-08 19:43:24,completed,RUB,1744.3000000000002
750,160,2025-12-20 19:25:41,completed,USD,477.26
751,117,2026-04-13 20:29:50,processing,RUB,1926.6999999999998
752,126,2026-01-30 11:50:39,completed,USD,184.57
753,398,2026-01-06 19:14:24,completed,RUB,1096.1999999999998
754,167,2024-09-09 21:11:53,completed,RUB,525.7
755,349,2024-12-18 16:31:54,completed,RUB,243.0
756,172,2025-06-23 02:09:42,processing,USD,1881.9499999999998
757,507,2025-11-03 04:59:54,completed,USD,974.52
758,464,2024-10-13 17:13:32,cancelled,EUR,493.95
759,8,2025-04-30 03:40:43,processing,USD,75.7
760,575,2025-03-18 10:06:36,completed,RUB,1008.92
761,640,2024-09-11 03:43:14,cancelled,RUB,391.68
762,40,2024-12-08 18:10:28,cancelled,USD,1007.28
763,157,2025-01-29 08:27:16,cancelled,EUR,487.81
764,316,2025-02-25 07:13:26,processing,EUR,490.81
765,96,2024-11-14 00:45:32,completed,USD,1518.8999999999999
766,98,2025-02-16 05:40:09,completed,USD,1335.96
767,597,2024-12-08 00:13:35,completed,RUB,487.89
768,730,2025-09-27 16:28:37,completed,RUB,778.15
769,414,2025-10-08 09:20:32,processing,EUR,222.2
770,54,2024-11-24 15:27:52,cancelled,EUR,59.800000000000004
771,370,2025-12-03 14:00:11,completed,RUB,599.04
772,343,2025-12-11 03:06:29,completed,USD,1766.6999999999998
773,482,2025-02-05 14:28:00,completed,RUB,743.1
774,0,2024-07-15 12:55:30,cancelled,RUB,877.74
775,561,2026-04-27 10:27:29,cancelled,USD,1683.85
776,353,2025-09-18 06:49:35,completed,EUR,1825.08
777,632,2025-11-30 05:22:11,completed,RUB,539.8
778,118,2024-07-02 10:30:37,processing,RUB,1046.22
779,595,2026-05-18 09:54:09,processing,USD,716.84
780,48,2024-09-16 01:02:56,processing,EUR,965.92
781,3,2025-09-19 16:05:11,cancelled,EUR,212.54
782,148,2025-07-13 13:24:27,cancelled,EUR,435.71
783,676,2024-07-14 18:51:02,cancelled,USD,860.6
784,362,2025-02-14 00:37:22,completed,EUR,500.12
785,0,2025-02-13 05:04:03,processing,USD,392.88
786,297,2025-07-02 08:40:31,cancelled,EUR,236.82
787,15,2024-07-27 19:24:57,processing,EUR,297.38
788,230,2024-06-21 01:10:03,completed,EUR,1264.02
789,492,2024-09-25 22:13:42,cancelled,RUB,392.69
790,225,2025-02-24 16:22:44,processing,RUB,127.62
791,261,2026-04-08 05:52:38,completed,RUB,2008.7
792,65,2026-02-21 16:10:02,processing,EUR,900.8
793,570,2026-02-01 01:30:17,processing,RUB,2308.5
794,4,,cancelled,EUR,1078.35
795,199,2025-06-11 11:45:45,completed,EUR,532.28
796,644,2025-01-05 14:35:25,cancelled,EUR,1434.8
797,484,2026-04-24 13:16:04,cancelled,EUR,97.32
798,247,2026-03-13 23:58:48,completed,USD,1916.72
799,579,2025-12-17 18:49:56,processing,EUR,110.43
800,75,2024-12-20 17:59:47,processing,USD,1131.1499999999999
801,220,2024-11-26 16:53:13,completed,RUB,47.19
802,288,2024-10-18 09:51:20,completed,USD,111.62
803,96,2026-01-19 05:25:17,cancelled,USD,1878.7
804,706,2025-04-26 10:43:03,cancelled,EUR,463.85
805,339,2025-08-04 20:22:52,cancelled,EUR,926.32
806,714,2025-09-01 06:20:51,processing,USD,1130.32
807,100,2025-04-25 00:43:04,processing,USD,313.04999999999995
808,47,2025-07-19 05:02:48,completed,EUR,213.7
809,678,2025-09-23 15:27:18,cancelled,RUB,67.76
810,643,2025-04-07 16:59:47,cancelled,USD,341.72
811,0,2025-11-28 09:55:27,completed,EUR,479.0
812,162,2025-07-06 17:38:30,cancelled,RUB,222.96
813,731,2025-12-05 14:23:39,cancelled,RUB,2377.4
814,464,2024-08-13 22:15:27,cancelled,USD,1668.25
815,177,2025-05-04 19:13:26,processing,RUB,494.13
816,21,2024-07-17 15:16:50,completed,USD,1188.95
817,712,2026-01-02 01:44:12,cancelled,USD,2376.4500000000003
818,405,2024-12-17 17:02:42,completed,USD,71.78
819,130,2024-10-28 22:33:31,processing,USD,1382.0
820,566,2025-05-15 00:28:19,completed,EUR,137.23
821,0,2025-02-07 07:49:49,processing,USD,156.92
822,152,2025-12-27 11:35:07,completed,EUR,246.4
823,698,2025-10-06 05:05:06,processing,USD,26.22
824,0,2025-07-15 15:29:35,completed,USD,50.98
825,85,2026-03-26 00:08:34,completed,RUB,225.1
826,646,2025-04-17 08:34:31,processing,EUR,988.64
827,118,2025-10-26 23:56:08,completed,EUR,1136.22
828,559,2025-02-18 01:54:55,processing,EUR,1373.0500000000002
829,79,2024-12-14 06:43:03,cancelled,USD,767.0699999999999
830,0,2025-09-27 00:26:44,processing,USD,31.63
831,268,2026-04-15 08:43:57,cancelled,RUB,160.38
832,543,2025-05-19 19:44:56,processing,USD,125.54
833,234,2024-07-21 23:55:00,cancelled,USD,189.44
834,0,2025-08-09 17:34:11,cancelled,USD,143.96
835,617,2025-04-24 05:59:23,processing,USD,919.95
836,539,2026-05-18 01:53:43,cancelled,USD,1208.94
837,542,2025-04-22 00:21:06,processing,EUR,1859.35
838,265,2026-05-11 20:40:05,processing,EUR,2373.7
839,199,2024-11-22 16:00:48,completed,EUR,1636.9499999999998
840,159,2024-09-17 20:19:08,processing,EUR,1253.4
841,586,2026-03-21 08:49:38,completed,USD,629.22
842,430,2024-08-14 03:02:45,cancelled,USD,1105.6999999999998
843,85,2025-11-16 07:43:07,completed,RUB,611.6
844,364,2025-03-26 13:01:18,cancelled,USD,1303.41
845,235,2024-12-08 03:00:20,processing,EUR,1723.8
846,24,2025-08-28 00:14:23,processing,EUR,634.4399999999999
847,590,2025-11-12 11:33:41,cancelled,RUB,388.3
848,248,2025-11-11 18:09:33,processing,EUR,833.8
849,138,2025-05-02 16:52:55,cancelled,EUR,340.1
850,704,2025-06-12 13:09:56,cancelled,USD,381.06
851,199,2024-10-24 14:50:45,processing,USD,1328.73
852,228,2025-12-25 10:50:05,processing,RUB,56.34
853,478,2024-09-25 06:29:39,processing,USD,168.4
854,94,2025-06-11 11:15:14,completed,RUB,152.02
855,41,2024-12-16 19:13:02,cancelled,RUB,478.54
856,336,2024-06-27 09:03:08,completed,RUB,2153.05
857,11,2025-08-07 08:54:22,completed,USD,498.66
858,343,2025-07-06 17:56:37,completed,RUB,840.84
859,705,2025-10-31 09:41:40,completed,EUR,557.2
860,743,2025-04-28 07:05:10,processing,EUR,1716.3
861,355,2025-12-13 21:25:28,processing,USD,917.4300000000001
862,589,2026-01-18 11:03:21,cancelled,RUB,246.72
863,28,2024-11-05 03:28:58,completed,RUB,421.64
864,622,2026-03-08 08:00:05,cancelled,EUR,462.26
865,79,2025-10-20 21:34:14,processing,RUB,221.19
866,44,2025-04-22 15:45:31,cancelled,EUR,379.35
867,48,2026-03-05 23:06:40,completed,USD,437.98
868,57,2024-08-17 09:02:01,completed,RUB,819.76
869,396,2024-07-13 14:51:37,completed,USD,1412.25
870,224,2026-03-19 23:12:04,completed,RUB,410.52
871,447,2025-02-21 05:05:28,processing,RUB,871.96
872,216,2025-04-08 22:16:53,completed,USD,1132.02
873,312,,cancelled,USD,2463.6000000000004
874,244,2025-09-27 21:16:37,cancelled,RUB,1854.8
875,48,2025-10-02 22:03:02,processing,USD,1823.45
876,380,2024-06-01 18:40:17,processing,RUB,2064.55
877,595,2026-03-22 07:49:21,cancelled,USD,873.9000000000001
878,597,2025-12-22 11:59:03,cancelled,RUB,1780.1
879,640,2025-06-16 01:54:49,processing,RUB,1250.52
880,748,2024-10-01 01:17:06,completed,RUB,215.72
881,549,2025-12-12 15:57:41,completed,EUR,658.1
882,0,2024-07-16 14:09:01,completed,USD,867.1500000000001
883,111,2025-09-28 03:14:20,cancelled,USD,308.54
884,578,2024-08-26 21:03:41,cancelled,USD,1259.56
885,159,2026-04-24 04:41:19,completed,USD,1945.8
886,222,2024-11-26 10:10:27,processing,USD,529.6
887,679,2025-05-20 00:06:53,processing,RUB,900.56
888,575,2025-10-09 18:24:16,processing,EUR,1247.19
889,121,2024-08-31 20:25:12,processing,EUR,1544.5
890,151,2024-08-04 16:08:24,completed,EUR,1707.55
891,564,2025-08-04 03:53:51,processing,USD,1275.48
892,494,2024-08-01 16:29:46,processing,RUB,771.16
893,345,2026-03-05 06:12:34,processing,EUR,1269.66
894,153,2024-09-11 22:55:03,completed,EUR,1279.1399999999999
895,31,2024-06-29 05:13:53,cancelled,RUB,20.96
896,615,2025-03-25 14:38:45,processing,USD,499.24
897,207,2026-01-21 09:03:07,completed,USD,870.3499999999999
898,385,2025-01-28 03:52:47,completed,RUB,147.75
899,330,2025-01-03 16:16:59,processing,RUB,865.64
900,454,2025-11-11 22:58:12,cancelled,USD,367.69
901,18,2025-01-20 06:05:43,processing,USD,739.7
902,460,2025-07-20 03:23:27,cancelled,RUB,1355.92
903,20,2025-03-22 10:38:14,completed,EUR,1460.96
904,165,2025-04-19 08:12:33,cancelled,EUR,386.87
905,537,2025-12-04 08:42:18,completed,EUR,214.48
906,136,2025-07-20 09:36:09,cancelled,EUR,218.56
907,558,2026-03-01 13:46:33,completed,USD,852.56
908,618,2025-03-29 07:49:55,processing,USD,755.34
909,326,2025-03-20 04:05:57,completed,EUR,2442.25
910,224,2025-07-02 17:01:09,completed,EUR,777.0
911,744,2025-11-08 23:12:52,processing,EUR,100.22999999999999
912,45,2026-01-19 23:33:35,cancelled,USD,448.59000000000003
913,210,2024-10-15 23:55:47,cancelled,USD,962.0
914,512,2025-08-19 20:23:00,cancelled,USD,93.68
915,604,2025-01-16 03:11:05,processing,EUR,275.88
916,560,2025-11-23 11:46:15,processing,EUR,1122.95
917,249,2025-11-25 10:39:22,completed,EUR,552.64
918,347,2026-01-05 17:15:11,processing,RUB,251.48
919,737,2024-08-04 05:36:31,cancelled,RUB,232.25
920,509,2026-03-21 12:07:35,completed,USD,862.9
921,386,2025-03-27 22:54:20,cancelled,RUB,196.84
922,691,2024-11-14 02:45:31,cancelled,EUR,51.81
923,108,2026-05-06 23:12:27,completed,RUB,737.84
924,585,2025-06-26 06:00:33,processing,USD,1519.72
925,548,2024-07-19 07:20:57,processing,RUB,1261.92
926,17,2025-08-07 12:11:10,processing,USD,426.93
927,748,2024-07-28 02:50:13,processing,RUB,1951.0
928,299,2025-09-18 10:58:43,processing,RUB,877.4
929,567,2025-07-16 17:05:55,processing,RUB,539.76
930,469,2026-02-19 16:33:32,cancelled,EUR,350.69
931,184,2025-09-13 22:24:40,processing,USD,805.36
932,0,2025-09-14 16:16:30,completed,USD,589.26
933,737,2025-09-03 21:53:38,processing,EUR,1236.44
934,154,2024-05-26 19:01:23,completed,RUB,1031.36
935,328,2025-10-11 04:05:43,processing,RUB,397.36
936,0,2026-02-18 17:46:11,completed,RUB,381.3
937,680,2024-09-30 16:00:21,processing,RUB,786.64
938,468,2025-05-21 00:13:26,processing,RUB,92.28
939,351,2024-08-01 13:28:11,processing,EUR,935.54
940,404,2024-09-02 14:44:35,processing,RUB,770.6999999999999
941,137,2025-10-05 19:27:36,processing,USD,1190.6100000000001
942,587,2024-06-14 13:29:12,completed,RUB,275.52
943,546,2026-05-02 09:39:41,completed,EUR,388.68
944,590,2025-07-31 01:42:53,processing,USD,870.96
945,623,2025-12-22 15:54:28,processing,RUB,863.24
946,728,2025-03-28 04:41:51,cancelled,EUR,1057.12
947,17,2025-08-14 06:32:23,completed,USD,1242.54
948,314,2025-05-13 07:01:10,cancelled,USD,2069.6
949,614,2024-08-02 10:44:44,completed,EUR,2090.9
950,276,2025-10-06 13:02:45,cancelled,EUR,338.96999999999997
951,301,2025-10-12 04:00:23,cancelled,USD,327.39
952,635,2024-12-15 11:19:18,completed,RUB,1466.56
953,437,2025-10-12 04:26:11,processing,EUR,480.3
954,659,2025-03-14 18:48:39,cancelled,EUR,27.24
955,393,2025-07-09 06:05:30,processing,RUB,351.08
956,62,2026-03-16 08:55:38,completed,EUR,53.2
957,527,2024-06-30 16:22:01,processing,USD,621.21
958,439,2025-07-27 22:37:38,cancelled,EUR,1290.8000000000002
959,287,2024-10-05 14:01:19,processing,RUB,1423.96
960,686,2025-03-27 12:21:18,processing,EUR,1083.8
961,629,2025-08-25 08:48:14,processing,USD,1438.26
962,439,,cancelled,USD,442.42
963,382,2025-07-07 09:28:30,processing,USD,91.3
964,119,2025-06-07 14:55:03,cancelled,EUR,112.09
965,35,2024-12-22 13:41:39,cancelled,USD,1128.88
966,311,2026-02-02 09:47:05,processing,RUB,988.5
967,503,2025-10-03 23:08:29,processing,RUB,434.62
968,300,2024-08-18 20:26:23,cancelled,RUB,73.57
969,295,2025-05-23 23:59:39,completed,USD,585.15
970,137,2025-09-13 17:06:06,processing,RUB,614.44
971,313,2026-04-21 11:19:54,cancelled,RUB,443.89
972,269,2025-09-01 13:57:29,completed,USD,1184.8
973,483,2025-06-03 04:26:34,cancelled,USD,386.8
974,476,2025-12-24 08:08:16,completed,EUR,856.1999999999999
975,389,2024-06-13 14:02:26,processing,RUB,169.46
976,686,2025-10-02 14:32:30,completed,USD,640.65
977,563,2025-10-05 23:48:55,cancelled,USD,326.26
978,704,2024-12-12 23:59:32,completed,RUB,927.28
979,30,2024-06-21 11:06:16,processing,RUB,2390.2000000000003
980,422,2026-01-22 00:27:01,completed,RUB,1606.84
981,656,2025-08-06 22:51:56,processing,USD,251.72
982,373,2024-08-12 09:23:09,cancelled,RUB,2146.4500000000003
983,570,2024-08-27 02:24:42,processing,RUB,249.66
984,505,2025-04-08 07:24:44,cancelled,USD,393.29999999999995
985,268,2026-02-24 02:37:03,completed,RUB,1237.96
986,458,2025-08-30 17:12:19,completed,USD,1125.05
987,451,2025-12-21 22:08:23,processing,RUB,673.38
988,510,2024-11-26 15:18:11,completed,RUB,233.25
989,134,2024-10-14 15:21:29,processing,EUR,76.01
990,744,2026-04-26 20:04:53,processing,USD,56.9
991,501,2025-10-03 17:08:42,cancelled,RUB,1056.52
992,358,2025-09-20 04:53:29,completed,EUR,1011.0
993,653,2026-05-05 07:06:27,completed,EUR,108.98
994,398,2025-12-24 01:02:05,cancelled,EUR,835.8
995,167,2025-09-10 04:39:16,completed,USD,2251.3999999999996
996,659,2026-05-03 18:01:38,completed,RUB,1885.75
997,311,2025-02-11 07:13:23,completed,RUB,522.5
998,591,2026-01-06 20:28:54,processing,EUR,693.04
999,118,2025-03-06 14:24:30,completed,USD,737.12
1000,121,2025-04-01 13:56:00,completed,RUB,843.8
1001,118,2026-02-10 07:31:42,completed,EUR,66.81
1002,133,2025-01-20 17:41:32,processing,EUR,1818.1
1003,352,2025-12-24 07:55:07,processing,USD,1867.52
1004,748,2025-05-29 20:37:07,processing,EUR,442.82
1005,14,2024-07-27 04:40:49,cancelled,USD,1171.68
1006,181,2025-04-27 19:37:07,completed,RUB,1723.45
1007,346,2026-03-15 09:37:24,cancelled,USD,1473.51
1008,385,2025-12-20 08:05:31,processing,EUR,524.45
1009,390,2024-12-26 15:19:45,processing,USD,404.63
1010,354,2024-07-02 22:10:03,cancelled,USD,1654.04
1011,122,2025-12-24 13:08:32,cancelled,RUB,838.0500000000001
1012,315,2025-03-10 03:27:19,completed,USD,137.09
1013,145,2026-04-08 01:02:26,cancelled,RUB,281.32
1014,237,2026-05-20 16:16:56,processing,USD,607.08
1015,739,2025-08-20 20:05:12,completed,USD,104.85
1016,289,2025-09-27 11:13:16,processing,EUR,177.77
1017,647,2025-12-10 17:09:32,completed,USD,77.61
1018,631,2025-06-27 13:02:53,cancelled,RUB,1146.28
1019,434,2025-01-18 04:51:55,cancelled,RUB,191.74
1020,292,2025-06-19 13:23:57,cancelled,USD,266.26
1021,473,2024-06-22 03:47:55,completed,USD,195.55
1022,40,2026-03-14 05:46:24,cancelled,USD,1125.52
1023,283,2024-10-22 23:41:40,completed,USD,435.32
1024,530,2025-01-09 23:13:27,completed,USD,688.2
1025,738,2025-02-06 01:41:22,completed,USD,237.09
1026,419,2025-08-28 17:47:48,completed,EUR,1436.72
1027,295,2024-11-12 08:58:56,completed,USD,753.3
1028,117,,processing,EUR,1116.0
1029,693,2024-07-28 10:43:18,completed,EUR,1208.48
1030,124,2026-04-07 08:14:51,cancelled,USD,614.82
1031,448,2024-07-24 12:34:40,processing,RUB,97.36
1032,247,2025-11-29 23:04:13,cancelled,USD,77.2
1033,425,2025-02-01 05:32:51,completed,USD,951.4499999999999
1034,52,2025-07-08 07:45:33,completed,EUR,283.68
1035,671,2024-08-31 02:14:43,processing,RUB,216.45
1036,725,2025-02-17 00:25:49,cancelled,RUB,164.37
1037,0,2025-04-20 09:43:45,processing,RUB,142.85
1038,613,2026-05-21 15:26:19,processing,RUB,1575.32
1039,230,2025-02-02 20:10:39,cancelled,USD,1125.6
1040,618,2024-11-24 09:23:05,completed,USD,1819.84
1041,497,2025-02-26 07:23:26,completed,USD,1159.2
1042,331,2026-01-20 16:02:13,processing,RUB,1690.8500000000001
1043,583,2025-03-26 00:50:30,completed,USD,1621.76
1044,442,2024-07-06 03:28:28,processing,EUR,45.78
1045,472,2025-12-18 19:57:50,completed,EUR,123.58
1046,677,,completed,RUB,169.77
1047,379,2024-08-13 02:39:28,cancelled,RUB,1306.75
1048,151,2025-03-22 04:05:06,processing,RUB,1926.52
1049,641,2024-08-26 11:26:53,cancelled,USD,124.80000000000001
1050,267,2026-04-23 09:21:08,processing,EUR,231.13
1051,239,2026-04-18 23:23:18,completed,USD,965.8
1052,64,2025-05-12 08:19:06,processing,EUR,215.21
1053,96,2025-05-07 03:49:57,processing,USD,392.64
1054,413,2026-03-22 13:18:44,processing,RUB,467.73
1055,605,2024-10-01 07:52:11,cancelled,RUB,1137.0
1056,744,2024-06-06 03:05:37,completed,USD,1342.6
1057,603,2025-02-01 01:02:58,cancelled,USD,1359.93
1058,116,2024-07-13 23:50:56,cancelled,USD,1623.7
1059,691,2024-11-02 06:59:33,cancelled,RUB,599.0999999999999
1060,110,2025-01-07 20:10:37,processing,RUB,396.2
1061,432,2024-12-15 11:07:08,processing,RUB,971.9499999999999
1062,272,2024-10-11 20:13:46,completed,EUR,696.0
1063,0,2026-01-01 14:28:01,processing,USD,199.11
1064,249,2024-06-28 11:40:03,processing,USD,1389.4499999999998
1065,228,2025-02-06 02:35:51,completed,USD,608.5
1066,265,2026-04-01 03:23:13,cancelled,RUB,1140.6999999999998
1067,23,2024-09-10 01:10:47,processing,USD,138.57
1068,255,2025-10-17 07:23:18,processing,USD,1618.25
1069,418,2026-02-01 08:15:30,completed,EUR,1793.12
1070,45,2026-02-25 10:08:08,completed,EUR,281.25
1071,369,2025-12-09 07:54:12,processing,EUR,758.52
1072,100,2025-04-06 03:17:32,processing,EUR,703.08
1073,427,2026-05-10 05:01:40,processing,RUB,1797.28
1074,130,2024-09-06 15:57:17,processing,RUB,1894.8500000000001
1075,555,2025-06-29 09:19:19,completed,RUB,945.0
1076,279,2026-01-16 08:10:48,cancelled,USD,2127.1
1077,638,2025-10-25 14:21:31,processing,RUB,1896.48
1078,680,2024-12-21 18:52:52,processing,RUB,704.9
1079,634,2025-10-31 07:18:09,cancelled,EUR,983.85
1080,349,2025-01-24 14:43:20,processing,RUB,64.22
1081,614,2024-06-22 09:11:06,processing,USD,1989.6
1082,46,2026-04-27 09:55:30,completed,RUB,217.02
1083,611,2025-03-18 05:07:35,cancelled,EUR,446.0
1084,727,2025-06-02 20:38:05,completed,EUR,686.75
1085,389,2026-05-02 18:23:33,completed,RUB,1657.3500000000001
1086,306,2025-07-28 22:41:45,processing,EUR,66.02
1087,281,2025-06-15 05:35:10,cancelled,EUR,1552.8
1088,52,2025-03-08 12:25:00,cancelled,EUR,34.06
1089,373,2024-10-21 12:53:37,cancelled,RUB,2236.55
1090,327,2024-07-06 13:20:08,completed,USD,2022.8999999999999
1091,249,2025-07-03 05:15:31,completed,USD,1756.72
1092,429,2024-08-03 18:33:02,processing,EUR,204.28
1093,356,2024-07-30 15:51:34,completed,USD,354.12
1094,156,2024-05-27 09:02:57,cancelled,EUR,879.24
1095,411,2025-03-24 11:17:16,completed,USD,201.17
1096,288,2025-02-21 01:39:43,processing,RUB,1368.75
1097,530,2024-09-13 17:26:36,completed,RUB,382.64
1098,486,2025-02-09 07:18:17,completed,RUB,1433.48
1099,82,2024-08-01 23:32:52,cancelled,USD,682.8
1100,139,2025-12-28 04:17:26,completed,RUB,1283.52
1101,151,2024-10-12 23:22:19,processing,EUR,109.91
1102,491,2025-11-19 08:12:59,cancelled,RUB,1837.25
1103,568,2025-11-01 10:33:12,completed,EUR,381.12
1104,318,2025-01-23 18:51:03,cancelled,EUR,513.4
1105,0,2025-03-24 15:30:55,processing,EUR,479.09999999999997
1106,479,2024-06-11 20:53:41,completed,USD,848.6
1107,199,2026-03-14 15:39:54,processing,RUB,599.52
1108,749,2025-12-31 11:56:38,cancelled,USD,1846.9499999999998
1109,408,2024-08-03 02:27:12,cancelled,RUB,978.24
1110,0,2025-01-08 12:53:21,completed,RUB,1370.3
1111,487,,cancelled,USD,198.9
1112,253,2026-04-10 14:46:21,cancelled,RUB,52.54
1113,737,2025-12-06 20:01:43,completed,USD,947.46
1114,0,2024-11-21 02:01:19,cancelled,RUB,262.2
1115,486,2025-07-22 16:25:49,cancelled,EUR,422.85
1116,261,2024-06-15 00:19:50,processing,EUR,414.63
1117,216,2024-07-23 17:33:24,cancelled,RUB,242.8
1118,722,2025-06-04 06:25:14,completed,RUB,384.15000000000003
1119,550,2025-11-05 13:15:38,processing,RUB,1314.99
1120,582,2024-12-12 18:32:49,completed,USD,1310.5
1121,314,2025-05-14 00:03:38,cancelled,EUR,1772.55
1122,461,2024-06-10 09:04:48,processing,USD,55.7
1123,391,2025-11-26 01:26:07,processing,RUB,906.46
1124,461,2026-04-04 03:00:49,processing,USD,1991.25
1125,676,2025-03-04 11:16:27,completed,RUB,944.82
1126,530,2025-08-12 17:16:34,completed,USD,1414.75
1127,0,2026-03-07 00:44:43,completed,USD,245.42
1128,709,2025-07-25 07:08:17,processing,USD,264.64
1129,612,2024-11-11 22:13:51,processing,USD,1441.12
1130,86,2024-06-08 21:10:24,processing,EUR,1601.84
1131,241,2024-07-09 02:47:20,processing,RUB,985.3199999999999
1132,523,2025-11-30 06:25:14,completed,RUB,649.08
1133,323,2024-09-03 09:37:09,completed,RUB,825.15
1134,4,2025-04-21 11:10:08,completed,EUR,233.95
1135,379,2025-02-26 21:52:54,cancelled,RUB,1430.16
1136,77,2024-09-03 19:08:10,cancelled,RUB,223.6
1137,276,,processing,EUR,1835.64
1138,93,2025-11-05 07:01:48,processing,USD,987.04
1139,332,2025-11-16 13:38:53,completed,RUB,708.7
1140,536,2025-08-26 14:34:25,processing,EUR,1912.5
1141,208,2024-09-02 05:33:05,cancelled,RUB,1827.75
1142,164,2024-07-31 21:53:17,processing,RUB,268.7
1143,569,2025-08-04 17:46:43,processing,RUB,241.51
1144,75,2025-03-01 18:47:50,completed,EUR,1100.45
1145,584,2026-05-05 07:39:57,completed,USD,630.0500000000001
1146,442,2025-09-01 23:56:15,processing,RUB,698.1899999999999
1147,573,2026-05-12 23:24:13,completed,USD,158.34
1148,586,2024-12-27 00:47:36,processing,EUR,394.14
1149,322,2025-12-08 20:59:05,processing,RUB,935.56
1150,142,2025-08-19 05:19:01,processing,USD,788.38
1151,661,2024-10-05 06:16:14,cancelled,EUR,1796.3
1152,273,2025-02-06 04:35:34,cancelled,RUB,695.16
1153,55,2025-09-07 10:02:12,completed,EUR,1089.8700000000001
1154,108,2025-08-20 08:54:15,cancelled,USD,578.0999999999999
1155,518,2025-08-07 03:44:08,completed,EUR,143.8
1156,728,2025-12-27 17:40:44,processing,EUR,41.05
1157,351,2025-11-04 15:01:05,cancelled,USD,376.48
1158,182,2024-06-16 17:58:12,completed,RUB,853.85
1159,60,2026-04-03 19:31:19,processing,RUB,497.8
1160,464,2025-07-11 19:17:27,completed,RUB,182.08
1161,494,2025-10-13 21:59:25,completed,USD,1621.6499999999999
1162,589,,cancelled,USD,846.96
1163,191,2025-07-04 16:31:03,completed,USD,374.5
1164,584,2024-06-10 19:10:40,cancelled,EUR,178.92
1165,0,2024-06-19 18:38:58,processing,RUB,1361.8799999999999
1166,588,2024-10-19 08:24:52,processing,USD,1057.71
1167,535,2024-08-30 05:41:08,completed,EUR,572.7
1168,610,2026-05-03 12:10:11,processing,RUB,212.58
1169,739,2026-02-03 10:59:34,completed,EUR,436.28
1170,219,2026-02-25 10:40:32,completed,EUR,27.41
1171,361,2025-06-21 02:53:48,cancelled,USD,474.68
1172,304,2024-06-19 02:27:30,cancelled,RUB,673.6500000000001
1173,156,2025-04-15 06:52:56,processing,EUR,1469.16
1174,440,2026-01-19 22:43:28,processing,EUR,989.94
1175,516,2024-06-18 07:07:28,processing,USD,331.56
1176,306,2024-12-01 09:59:14,cancelled,USD,172.12
1177,284,2024-06-06 10:47:58,cancelled,EUR,1254.96
1178,407,2025-11-18 02:52:05,cancelled,RUB,301.09
1179,0,2025-11-02 19:11:51,completed,RUB,1104.0
1180,240,2026-05-18 18:06:53,completed,RUB,236.72
1181,616,,processing,RUB,1214.01
1182,399,2024-07-10 05:33:32,cancelled,EUR,641.16
1183,240,2026-04-16 01:41:40,completed,USD,1056.99
1184,85,2024-07-12 22:59:06,completed,RUB,1183.8600000000001
1185,11,2026-01-22 13:05:54,completed,USD,48.68
1186,737,2026-05-24 07:08:36,cancelled,RUB,1450.92
1187,451,2025-10-07 14:05:34,completed,USD,224.65
1188,454,2025-09-14 22:40:29,processing,USD,1206.12
1189,605,2025-06-20 09:34:36,completed,USD,673.1
1190,403,2025-12-22 07:47:52,completed,RUB,970.44
1191,707,2024-08-12 07:21:38,cancelled,USD,541.86
1192,47,2024-10-12 10:06:51,processing,RUB,124.68
1193,629,2026-02-07 07:43:28,processing,RUB,1324.35
1194,368,2024-07-14 18:30:30,completed,EUR,1038.4499999999998
1195,371,2025-08-04 02:45:44,completed,RUB,1928.96
1196,0,2026-03-09 12:42:55,processing,RUB,194.05
1197,450,2024-10-07 02:29:27,processing,RUB,996.2
1198,697,2025-03-31 06:21:29,cancelled,RUB,668.96
1199,595,2026-04-05 13:51:16,cancelled,EUR,40.1
1200,387,2025-06-21 19:11:34,processing,USD,512.28
