payment_id,order_id,payment_method,amount,currency,payment_timestamp
1,1,card,768.06,USD,
2,2,online,1093.35,EUR,2026-02-19 06:28:23
3,4,card,1062.09,USD,2025-05-31 01:09:57
4,5,card,243.2,RUB,2025-01-24 19:48:14
5,6,online,337.18,EUR,2024-12-13 14:11:41
6,9,online,1359.68,USD,2025-04-05 20:29:27
7,11,cash,564.62,EUR,2024-11-13 23:51:09
8,12,card,1101.3,RUB,2025-03-02 04:51:50
9,13,card,448.66,USD,2025-03-08 16:09:27
10,14,cash,1260.9,USD,2025-05-23 17:48:47
11,15,card,424.95,RUB,2024-11-09 03:01:18
12,18,cash,634.88,RUB,2025-01-06 21:00:33
13,19,card,79.5,EUR,2025-02-13 03:37:05
14,21,cash,693.58,EUR,2024-07-06 15:20:51
15,22,online,452.78,RUB,2025-08-03 12:16:29
16,23,card,1490.79,EUR,2025-02-11 19:12:51
17,24,card,1392.09,USD,2025-04-29 03:35:46
18,25,cash,231.98,EUR,2025-06-23 19:48:51
19,26,crypto,282.24,EUR,2026-03-08 02:06:44
20,27,online,1500.6,EUR,2025-11-04 17:16:05
21,32,online,913.0,USD,2025-11-10 00:59:15
22,34,card,1041.78,RUB,2025-07-13 01:43:09
23,35,cash,570.4,EUR,2025-11-19 22:40:49
24,36,card,1082.91,RUB,2025-10-28 07:58:59
25,37,online,1225.68,USD,2025-01-28 07:47:44
26,38,card,273.76,EUR,2024-12-15 11:36:45
27,39,card,149.67,RUB,2024-09-02 08:44:00
28,40,card,112.52,RUB,2024-09-04 22:29:10
29,42,card,1947.8,EUR,2025-11-04 07:21:05
30,43,cash,1703.4,USD,2026-01-30 09:22:46
31,44,card,77.98,EUR,2026-05-02 01:48:16
32,45,card,1229.73,RUB,2024-09-11 12:32:53
33,47,card,569.04,USD,2024-08-31 14:42:22
34,48,card,757.98,EUR,2025-12-27 10:10:46
35,49,card,1336.08,EUR,2024-09-22 08:12:23
36,50,online,1075.74,EUR,2025-11-03 19:49:24
37,51,cash,46.82,EUR,2024-09-30 21:00:53
38,52,card,408.32,USD,2025-07-17 00:11:31
39,53,card,1147.92,EUR,2025-04-26 09:11:52
40,55,online,87.26,EUR,2024-11-10 22:22:54
41,56,crypto,82.17,USD,2025-01-31 16:51:18
42,58,card,664.26,USD,2025-12-02 03:39:46
43,59,online,573.5699999999999,USD,2025-02-11 08:17:00
44,61,cash,959.8,USD,2026-04-28 14:44:37
45,62,card,297.55,USD,2024-09-22 05:17:57
46,64,card,1067.6100000000001,EUR,2025-01-01 13:07:38
47,65,card,1488.6,RUB,2024-08-26 17:41:20
48,66,card,1352.82,USD,2026-03-18 14:15:31
49,67,crypto,1325.46,USD,
50,68,card,1751.52,EUR,2025-06-17 08:27:33
51,69,crypto,534.76,USD,2025-06-09 10:02:27
52,71,card,415.6,EUR,2024-08-21 15:14:31
53,72,online,1236.65,EUR,2026-03-06 01:26:41
54,74,online,744.48,RUB,2025-10-25 05:32:16
55,75,online,2253.1,EUR,2024-09-16 18:59:26
56,78,card,191.97,USD,2025-01-04 21:46:58
57,80,card,232.39,USD,2025-10-29 08:09:46
58,82,card,1680.05,RUB,2025-12-08 22:39:00
59,83,cash,443.4,USD,2025-09-11 12:43:12
60,87,card,228.24,RUB,2025-10-29 15:10:32
61,89,online,479.17,EUR,2025-08-06 17:45:16
62,90,card,1304.9,USD,2026-01-09 13:30:08
63,93,cash,1393.56,USD,2025-03-05 19:04:35
64,94,online,353.77,RUB,2025-01-14 14:32:14
65,96,card,84.98,USD,2026-02-02 09:16:17
66,98,card,844.88,RUB,2025-07-24 06:28:34
67,99,card,221.85,RUB,2024-12-01 01:47:11
68,100,cash,521.28,RUB,2025-05-09 14:51:28
69,101,card,479.95,EUR,2024-12-07 04:09:32
70,102,crypto,237.34,EUR,2026-02-27 21:07:38
71,108,card,1949.75,RUB,2026-05-12 03:46:51
72,109,card,889.1999999999999,EUR,2026-01-22 09:29:38
73,114,card,211.8,EUR,2025-04-02 21:56:45
74,115,card,1635.12,USD,2025-11-12 05:13:15
75,118,card,1021.68,EUR,2025-02-01 09:54:39
76,119,card,1753.0,RUB,2024-11-13 05:50:58
77,120,card,70.44,RUB,2024-11-11 17:17:03
78,121,cash,603.9300000000001,EUR,2026-04-28 21:16:40
79,123,online,295.56,EUR,2026-01-16 02:07:41
80,124,online,78.25,RUB,2025-05-23 11:19:40
81,126,crypto,2326.95,RUB,2026-01-05 19:08:09
82,128,online,41.02,USD,2025-02-19 16:19:12
83,130,online,387.55,EUR,2024-07-28 14:23:12
84,131,online,126.7,USD,2025-03-17 05:56:30
85,132,card,1441.6999999999998,USD,2024-12-10 15:59:01
86,133,online,94.26,EUR,2024-06-30 14:15:14
87,134,card,978.24,USD,2024-07-27 00:10:54
88,135,crypto,1349.52,USD,2025-11-18 17:10:09
89,138,card,614.8,RUB,2024-07-28 11:02:58
90,139,cash,55.16,USD,2025-03-12 17:19:35
91,142,online,1083.68,RUB,2024-06-23 15:11:12
92,143,card,1898.45,EUR,2026-01-23 05:47:18
93,144,card,1113.5,EUR,2026-04-29 05:30:56
94,146,card,268.95000000000005,EUR,2025-08-01 19:35:05
95,148,cash,561.6899999999999,RUB,2026-04-16 18:29:43
96,151,online,1401.05,USD,2025-12-12 09:34:25
97,152,card,289.36,RUB,2025-01-04 18:37:59
98,153,card,100.29,RUB,2024-09-02 00:40:39
99,154,card,476.33,EUR,2025-10-08 02:23:37
100,156,card,239.75,USD,2026-03-05 05:51:16
101,157,online,324.52,EUR,2025-12-01 12:33:38
102,159,card,1397.5500000000002,RUB,2024-09-13 01:13:58
103,160,card,1969.5,RUB,2025-04-19 02:42:29
104,161,cash,393.46,RUB,2025-06-10 15:09:07
105,162,cash,1848.1999999999998,RUB,2026-01-14 23:37:05
106,163,cash,1130.5,EUR,2024-07-15 18:16:09
107,164,card,369.42,EUR,2024-11-23 00:21:21
108,165,crypto,749.28,EUR,2024-11-16 15:59:58
109,166,online,614.35,EUR,2026-01-28 14:15:51
110,167,card,1361.24,RUB,2025-08-12 02:00:21
111,168,card,49.94,EUR,2024-10-06 05:09:23
112,169,online,901.88,EUR,2025-12-17 18:43:48
113,174,cash,1143.75,RUB,2025-04-15 13:02:20
114,175,card,255.3,USD,2026-02-02 00:19:42
115,177,card,286.42,RUB,2025-10-31 04:46:58
116,179,online,176.22,EUR,2025-10-27 11:42:13
117,180,online,302.7,EUR,2025-09-30 18:52:34
118,181,online,561.12,RUB,2025-09-19 11:05:05
119,183,online,1094.95,EUR,2026-01-18 11:42:13
120,185,online,484.54,USD,2025-11-30 14:19:55
121,186,crypto,696.5999999999999,RUB,2025-07-02 19:27:43
122,188,online,475.1,RUB,2025-01-14 19:57:11
123,189,online,679.88,EUR,2025-05-24 22:12:56
124,190,cash,223.74,RUB,2024-08-17 14:28:06
125,191,online,250.44,RUB,
126,192,card,981.7,RUB,2026-02-25 12:57:33
127,193,card,880.34,USD,2025-10-24 11:54:11
128,194,cash,924.95,EUR,2025-10-13 22:32:36
129,195,card,646.8,EUR,2025-01-18 17:40:18
130,196,online,1001.0999999999999,EUR,2024-11-12 22:08:51
131,197,cash,1218.08,RUB,2026-03-18 07:35:27
132,198,card,159.16,EUR,2025-06-19 18:44:38
133,200,online,161.17,EUR,2025-08-26 06:36:30
134,203,cash,374.86,USD,2024-08-19 07:28:14
135,204,card,912.44,EUR,2024-07-06 23:20:27
136,205,cash,424.29,RUB,2024-06-24 00:12:00
137,206,card,473.15999999999997,USD,2026-04-04 08:38:04
138,207,cash,1324.36,USD,2026-04-18 14:33:10
139,208,card,79.52,RUB,2024-07-16 10:46:24
140,210,cash,704.58,USD,
141,212,card,649.3000000000001,USD,2025-07-06 12:22:06
142,214,online,324.98,EUR,2024-11-08 03:04:13
143,217,online,55.78,RUB,2024-06-08 11:17:40
144,219,card,1429.4,RUB,2024-08-28 06:23:56
145,220,card,194.09,USD,2024-06-05 09:51:48
146,221,cash,29.14,EUR,2025-02-28 07:51:18
147,222,online,1074.4499999999998,USD,2025-09-16 23:00:09
148,223,card,798.06,RUB,2026-04-19 12:35:09
149,224,crypto,806.76,RUB,2024-09-04 08:46:21
150,225,card,1392.81,RUB,2025-07-09 22:40:26
151,226,card,641.97,USD,2025-08-28 13:29:02
152,227,card,273.49,EUR,2024-08-09 08:07:49
153,228,card,965.4300000000001,USD,2026-04-07 03:52:01
154,229,card,1185.56,EUR,2024-12-07 16:47:34
155,230,online,95.92,USD,2024-06-17 07:45:54
156,231,card,72.09,RUB,2025-02-16 01:44:40
157,232,card,1531.6999999999998,RUB,2025-07-06 19:17:33
158,233,card,989.3,USD,
159,234,online,144.35999999999999,USD,2025-05-17 10:16:54
160,235,online,765.54,USD,2024-11-07 04:23:21
161,236,card,735.8,RUB,2025-01-25 21:01:01
162,238,cash,1037.49,RUB,2025-06-24 02:31:01
163,239,card,1550.64,EUR,2026-03-20 05:06:36
164,240,card,394.8,USD,2025-06-09 17:46:59
165,243,card,949.14,RUB,2025-01-22 23:58:28
166,244,online,380.6,RUB,2026-04-29 20:34:06
167,245,card,711.52,USD,2026-05-07 11:48:25
168,246,card,1289.44,USD,2025-07-16 13:42:17
169,247,card,1856.75,EUR,2025-05-20 07:17:52
170,249,cash,411.4,EUR,2024-07-29 03:24:42
171,251,cash,1153.6,RUB,2024-11-04 08:18:11
172,252,card,734.96,USD,2025-08-15 15:36:09
173,253,card,116.59,EUR,2024-09-10 17:33:57
174,255,card,236.43,EUR,2025-03-30 19:25:02
175,256,card,411.24,EUR,2024-12-28 16:27:39
176,257,card,1151.7,RUB,2025-01-14 12:24:38
177,258,card,993.88,EUR,2025-03-19 19:08:39
178,259,card,1401.45,RUB,2024-07-24 14:57:58
179,260,card,551.24,USD,2025-12-12 18:12:37
180,261,cash,841.35,RUB,2024-08-22 17:33:17
181,263,card,101.68,EUR,2025-04-25 02:36:41
182,264,crypto,1626.08,EUR,2025-12-22 16:57:46
183,267,online,1202.44,USD,2024-06-10 13:27:40
184,268,card,536.25,RUB,2024-08-26 10:29:22
185,271,card,216.72,USD,2025-06-22 13:34:44
186,272,online,352.28,USD,2025-03-19 21:07:47
187,273,online,1350.12,EUR,2025-06-03 12:00:46
188,274,card,411.88,EUR,2024-10-14 02:40:32
189,275,card,225.55,EUR,2026-05-04 02:23:00
190,276,online,381.74,EUR,2026-03-19 08:01:23
191,277,online,326.33,USD,2024-09-11 11:55:03
192,278,cash,594.5699999999999,USD,2025-09-12 23:39:35
193,279,cash,108.28,EUR,2025-10-19 23:31:24
194,280,online,1620.2,EUR,2026-01-28 10:06:56
195,281,card,219.24,RUB,
196,283,crypto,1024.04,EUR,2025-04-25 01:03:33
197,284,online,1082.16,EUR,2024-12-25 03:02:08
198,285,online,681.7,RUB,2024-08-08 01:58:00
199,287,card,655.77,RUB,2025-11-29 00:56:49
200,288,online,74.32,EUR,2025-09-15 12:02:19
201,289,crypto,270.32,EUR,2024-11-20 04:17:24
202,293,card,100.13,RUB,2025-07-14 06:09:13
203,295,card,700.38,USD,2025-08-15 21:05:17
204,296,card,1127.91,USD,2026-01-27 04:05:25
205,298,online,289.28,EUR,2024-08-20 17:16:22
206,299,crypto,354.96,RUB,2026-04-01 10:26:48
207,302,online,541.16,USD,2025-12-14 11:55:50
208,304,card,97.96,RUB,2025-04-06 21:43:06
209,305,online,378.18,EUR,2026-01-16 10:40:00
210,306,crypto,372.65,RUB,2026-02-03 09:58:13
211,307,card,758.9,USD,2025-02-08 05:01:17
212,308,cash,733.25,EUR,2025-06-27 07:26:09
213,309,cash,768.39,RUB,2024-10-03 03:56:24
214,312,card,410.2,USD,2024-09-08 02:44:52
215,313,card,303.79,RUB,2024-11-19 19:29:55
216,314,card,1381.36,EUR,2025-01-31 11:53:28
217,316,card,1876.8,USD,2025-12-07 17:59:49
218,318,online,1621.3999999999999,RUB,2024-11-03 04:03:24
219,319,cash,376.82,RUB,2024-11-11 13:53:48
220,320,online,1916.84,RUB,2024-09-21 18:13:16
221,321,card,1801.15,EUR,2025-08-13 23:11:26
222,322,card,188.05,RUB,2026-04-29 06:28:07
223,323,card,81.53,EUR,2024-11-16 19:56:07
224,324,card,238.68,USD,2025-12-25 19:39:44
225,325,crypto,234.54,RUB,2024-07-09 00:34:56
226,326,online,1187.43,RUB,2025-05-17 03:31:04
227,328,cash,576.28,EUR,2025-11-15 09:10:17
228,332,card,799.3199999999999,EUR,2025-01-19 12:34:01
229,334,online,924.69,RUB,2024-11-06 09:28:43
230,335,card,421.59,RUB,2024-06-02 09:57:22
231,337,online,2187.9,USD,2024-11-30 12:25:54
232,338,cash,695.9,RUB,2024-09-07 21:38:27
233,339,cash,701.1,EUR,2026-02-08 21:59:47
234,340,cash,532.1,USD,2025-05-07 14:39:08
235,341,online,232.6,USD,2025-03-19 23:25:34
236,342,cash,243.26,USD,2025-09-02 08:19:35
237,343,card,295.04,USD,2025-07-18 15:13:46
238,344,online,1984.8,EUR,2025-05-03 15:15:54
239,346,card,1282.5,RUB,2025-09-11 21:25:21
240,347,online,1202.75,USD,2026-03-05 00:26:16
241,348,crypto,711.16,RUB,2025-12-01 00:19:54
242,349,card,321.06,EUR,2026-02-11 06:20:56
243,353,online,243.12,EUR,2025-05-08 08:17:35
244,354,card,1534.88,USD,2024-12-31 09:58:30
245,355,card,1543.4,USD,2025-04-25 21:58:45
246,357,online,625.2,EUR,2024-10-23 13:27:16
247,358,card,1885.32,RUB,2025-03-13 01:29:53
248,360,cash,820.71,EUR,2025-03-18 20:17:52
249,361,card,1466.46,RUB,2025-12-25 09:22:10
250,362,card,265.59999999999997,USD,2024-09-22 21:18:22
251,363,crypto,2052.4,RUB,2025-11-20 05:27:17
252,364,cash,1437.09,EUR,2025-06-09 05:08:54
253,367,card,965.0,RUB,2025-12-20 21:39:04
254,368,online,1255.4,RUB,2025-10-03 05:29:37
255,369,card,1962.45,RUB,2025-05-23 12:36:59
256,371,cash,657.44,USD,2024-05-25 23:49:13
257,374,online,1171.5,RUB,2024-10-27 05:15:25
258,376,crypto,391.94,RUB,2024-07-19 16:44:12
259,380,card,55.5,USD,2025-07-25 22:03:28
260,383,card,196.21,EUR,2024-12-31 14:18:39
261,384,crypto,222.73,RUB,2025-06-24 22:15:33
262,385,online,1756.84,USD,2024-12-23 03:45:09
263,386,online,193.82,USD,2025-04-16 07:31:48
264,388,cash,191.14,RUB,2026-04-03 15:44:25
265,389,online,395.41,USD,2024-06-20 23:42:54
266,393,card,1718.04,RUB,2025-03-06 07:27:13
267,395,cash,244.12,RUB,2025-07-01 05:30:24
268,396,online,241.04,USD,2025-04-27 16:58:29
269,399,card,376.49,EUR,2026-04-24 03:43:59
270,404,online,694.0,EUR,2025-04-27 15:30:28
271,405,card,975.58,USD,2025-10-25 03:47:47
272,406,cash,695.28,RUB,2024-11-15 07:33:32
273,407,online,527.4499999999999,RUB,2025-07-26 15:57:57
274,408,card,1960.8500000000001,RUB,2025-09-23 05:41:23
275,410,card,604.35,RUB,2025-07-14 15:44:10
276,412,card,670.96,RUB,2024-09-04 00:06:07
277,413,online,336.87,RUB,2025-09-29 05:11:37
278,415,card,263.6,EUR,2025-04-14 09:09:13
279,417,online,322.01,RUB,2025-03-19 05:20:48
280,418,online,667.22,EUR,2025-04-06 18:26:16
281,421,cash,2401.35,EUR,2025-12-09 14:07:27
282,422,card,151.04,USD,2024-12-06 23:15:59
283,423,online,646.89,EUR,2025-02-14 18:05:55
284,425,online,1138.92,RUB,2025-06-29 23:09:19
285,426,card,304.81,RUB,2025-07-13 00:42:15
286,428,crypto,1710.36,RUB,2026-01-23 14:25:00
287,429,online,1351.36,USD,2024-05-30 15:37:34
288,430,online,153.22,EUR,2024-11-01 09:04:52
289,432,card,1159.8600000000001,USD,2026-05-15 01:05:24
290,433,card,1178.01,USD,2024-08-21 15:43:46
291,434,card,330.2,EUR,2024-09-03 02:17:34
292,437,cash,1765.5500000000002,RUB,2025-04-12 05:00:59
293,438,card,107.32,USD,2026-04-30 02:36:27
294,440,cash,931.74,USD,2025-04-19 12:27:01
295,442,card,877.64,EUR,2026-02-09 16:59:48
296,443,card,1234.0,EUR,2025-07-05 05:02:46
297,444,online,850.94,RUB,2025-05-31 05:56:15
298,446,card,333.76,EUR,2024-07-10 19:29:35
299,447,online,799.64,RUB,2024-06-06 22:01:21
300,448,card,405.55,RUB,2025-04-20 20:20:11
301,450,online,1014.4,EUR,2024-06-01 15:00:43
302,451,card,448.96,EUR,2026-01-13 03:54:53
303,452,online,867.54,RUB,2025-05-03 00:31:05
304,454,card,578.46,RUB,2025-01-09 21:28:26
305,455,card,485.74,USD,2024-08-19 20:56:18
306,456,cash,269.59,RUB,2024-06-30 17:13:18
307,457,cash,839.02,USD,2025-02-06 10:12:15
308,459,online,298.98,EUR,2024-07-24 23:02:49
309,460,card,100.44,EUR,2024-11-02 08:29:29
310,462,card,194.89999999999998,EUR,2024-09-02 14:01:30
311,463,card,170.16,EUR,2025-09-29 10:52:28
312,464,card,204.72,RUB,2026-01-09 08:52:42
313,466,card,414.7,EUR,2025-09-29 13:06:24
314,467,cash,405.53,EUR,2025-06-29 08:08:38
315,468,online,902.22,EUR,2026-01-10 18:27:32
316,470,card,378.38,USD,2025-01-30 00:24:41
317,471,cash,1629.36,RUB,2026-02-06 06:33:35
318,472,cash,1429.35,RUB,2024-12-30 17:25:46
319,475,online,1984.88,EUR,2025-07-24 01:14:59
320,476,online,1882.25,RUB,2025-09-08 12:10:12
321,477,crypto,33.13,EUR,2026-03-28 15:31:54
322,478,card,1487.52,RUB,2025-06-06 10:37:08
323,479,card,116.68,USD,2025-03-22 08:49:33
324,480,online,579.72,RUB,2025-11-06 10:05:23
325,481,card,36.96,USD,2025-10-07 03:11:23
326,482,online,127.72,USD,2025-01-24 14:06:10
327,485,card,536.72,USD,2025-05-20 07:50:32
328,486,online,669.7,USD,2024-07-24 17:40:02
329,487,crypto,170.36,RUB,2024-10-21 12:53:44
330,488,card,598.24,EUR,2026-02-26 05:10:36
331,489,card,951.2,RUB,2024-09-30 14:19:43
332,492,card,1928.65,USD,2025-12-03 04:30:59
333,494,card,784.88,EUR,2026-01-07 13:33:47
334,495,cash,89.6,EUR,2026-03-03 20:52:52
335,496,card,556.18,EUR,2025-10-01 16:55:52
336,498,online,25.78,USD,2025-10-14 17:30:50
337,499,card,766.94,USD,2025-08-17 04:41:54
338,502,card,465.14,EUR,2024-11-27 03:45:07
339,503,card,1998.32,USD,2024-11-27 05:12:59
340,504,online,235.37,RUB,2025-03-18 13:30:07
341,506,card,526.5600000000001,RUB,2024-09-13 08:37:26
342,509,card,628.64,RUB,2025-11-24 09:08:50
343,510,online,666.46,RUB,2024-06-25 05:27:45
344,511,online,1684.1499999999999,EUR,2026-03-09 21:04:01
345,512,card,167.66,EUR,2026-03-29 08:29:39
346,513,cash,2335.9,RUB,2024-05-29 02:51:43
347,515,card,748.72,USD,2025-09-28 03:17:28
348,517,card,180.0,USD,2026-02-19 00:07:34
349,518,card,1411.72,EUR,2024-06-15 13:42:03
350,520,card,1735.9,EUR,2025-03-28 09:11:46
351,522,card,631.56,RUB,2026-02-23 15:17:49
352,523,cash,962.34,EUR,2025-06-12 20:59:22
353,524,card,71.28,RUB,2025-10-19 06:56:54
354,526,card,416.79,EUR,2024-07-20 20:00:22
355,527,online,1332.44,EUR,2025-03-13 02:44:44
356,531,online,422.01,EUR,2026-02-10 09:37:19
357,532,cash,407.27,USD,2024-07-15 15:40:29
358,533,card,783.3,USD,2026-04-23 16:06:51
359,535,crypto,310.16,USD,2025-01-05 20:01:30
360,536,online,11.88,RUB,2024-07-10 05:23:08
361,537,card,521.95,USD,2025-08-31 18:58:20
362,538,online,2169.25,USD,2025-12-05 05:11:36
363,539,card,278.0,RUB,2024-10-04 19:24:52
364,540,card,203.3,EUR,2025-09-21 22:21:58
365,541,card,1060.1000000000001,RUB,2026-01-17 01:15:20
366,548,cash,948.72,EUR,2026-02-17 10:37:36
367,549,online,437.95,EUR,2024-08-16 00:45:01
368,550,card,168.02,USD,
369,551,card,320.70000000000005,EUR,2026-05-08 16:59:50
370,552,card,364.77,EUR,2025-03-03 16:07:25
371,554,card,1231.32,USD,2025-06-04 08:47:12
372,557,cash,382.18,EUR,2025-12-16 16:12:51
373,559,cash,1056.54,USD,2025-09-17 18:10:04
374,560,crypto,1543.0,USD,2025-12-11 23:25:01
375,563,online,242.14,USD,2025-04-14 04:24:21
376,565,card,958.58,RUB,2025-05-02 00:26:27
377,566,card,533.04,RUB,2025-01-10 13:11:50
378,570,crypto,269.46,USD,2024-10-05 23:22:10
379,571,card,762.88,EUR,2024-08-26 18:43:59
380,572,card,388.88,RUB,2024-06-11 20:38:27
381,574,card,266.16,RUB,2026-02-09 14:35:54
382,576,card,1401.4,RUB,2025-06-26 15:39:27
383,577,online,364.26,USD,2025-11-18 18:00:02
384,578,card,123.08,USD,2024-09-29 08:07:13
385,579,card,77.76,EUR,2025-11-03 02:52:31
386,580,card,29.66,RUB,2025-11-10 08:39:50
387,581,online,294.98,EUR,
388,582,online,739.4499999999999,RUB,2024-06-28 17:56:18
389,585,card,373.98,USD,2024-09-23 08:53:48
390,586,card,2053.75,EUR,2024-09-22 23:16:13
391,587,card,348.69,USD,2025-01-19 01:47:28
392,588,online,509.6,RUB,2025-09-21 17:01:04
393,589,card,922.4,EUR,2025-01-31 15:21:16
394,590,card,96.12,USD,2024-06-05 18:07:34
395,596,card,368.4,USD,2025-02-01 16:29:22
396,597,online,887.68,EUR,
397,598,card,480.12,EUR,2024-07-22 06:53:35
398,599,card,1445.8799999999999,USD,2025-08-25 10:29:12
399,600,card,438.03,EUR,2024-07-08 14:26:58
400,602,cash,998.1299999999999,EUR,2025-10-18 22:05:00
401,606,card,178.29,RUB,2025-05-08 11:11:10
402,607,online,854.08,RUB,2024-09-13 10:25:10
403,608,card,495.35,RUB,2025-11-03 22:47:01
404,609,cash,1678.3500000000001,USD,2025-06-30 07:44:34
405,611,cash,910.3,EUR,2025-06-25 10:31:06
406,613,card,385.5,EUR,2025-03-26 10:19:52
407,614,online,43.04,USD,2024-11-01 06:39:31
408,616,card,785.5500000000001,EUR,
409,617,card,1285.04,RUB,2025-10-29 06:52:41
410,619,cash,1569.5500000000002,EUR,2024-11-10 16:38:26
411,620,online,242.69,RUB,2024-12-28 03:46:33
412,621,online,232.8,RUB,2025-01-29 06:02:53
413,622,card,842.3700000000001,RUB,2026-05-02 03:32:01
414,623,card,601.56,RUB,
415,624,card,1054.77,EUR,2026-05-13 06:48:52
416,625,crypto,1253.1999999999998,EUR,2025-10-16 01:44:24
417,627,online,777.02,USD,2025-08-21 17:49:14
418,628,online,488.32,EUR,2024-06-17 15:07:22
419,631,online,171.2,USD,2024-08-12 07:58:52
420,632,online,908.48,USD,2025-05-25 00:28:26
421,633,cash,457.18,RUB,2025-11-09 13:36:22
422,634,card,590.48,USD,2025-04-04 15:45:17
423,635,card,61.92,USD,2025-01-26 11:10:01
424,636,card,71.7,USD,2025-06-25 01:54:14
425,637,online,977.4,USD,2026-05-05 23:52:01
426,638,crypto,81.6,USD,2024-07-01 02:45:34
427,641,card,604.4399999999999,RUB,2025-09-12 09:52:23
428,642,cash,2227.4,RUB,2025-12-30 06:42:14
429,643,card,222.04,USD,2024-06-25 23:41:42
430,646,card,796.76,RUB,2026-05-23 18:35:10
431,647,card,386.3,EUR,2026-04-27 20:43:09
432,649,cash,326.8,EUR,2024-08-25 13:51:11
433,651,online,2231.85,USD,2025-05-24 04:14:51
434,652,crypto,836.8000000000001,EUR,2026-05-22 15:26:07
435,653,online,968.73,USD,2025-07-26 14:03:33
436,654,cash,775.0,EUR,2024-06-08 16:48:33
437,659,card,1147.3799999999999,USD,2024-06-26 23:51:58
438,660,card,788.2,RUB,2026-02-24 18:26:13
439,663,card,1150.65,USD,2025-05-03 02:01:42
440,665,online,257.18,RUB,2025-02-12 00:02:59
441,667,card,1436.36,EUR,2024-07-28 15:05:02
442,668,card,275.22,EUR,2025-08-23 19:23:05
443,669,card,503.46,EUR,2024-06-05 14:07:34
444,670,card,242.43,USD,2024-05-27 14:14:52
445,672,card,1216.84,EUR,2024-10-11 09:44:10
446,673,online,1437.6,USD,2024-10-05 06:19:33
447,675,card,733.4399999999999,USD,2026-03-17 13:37:23
448,676,card,848.98,EUR,2025-07-19 07:06:29
449,678,card,307.28,EUR,2025-11-01 14:58:42
450,679,card,123.59,USD,2026-03-31 10:43:19
451,680,online,302.48,EUR,2026-02-04 07:19:05
452,682,online,1914.1,RUB,2026-02-02 01:24:40
453,683,card,169.48,USD,2026-01-23 10:55:27
454,684,online,304.52,USD,2025-06-15 16:05:15
455,685,cash,873.5699999999999,EUR,2026-03-19 07:09:20
456,686,online,178.84,RUB,2025-12-05 05:25:40
457,687,online,2007.15,RUB,2026-04-12 16:00:17
458,688,online,1925.72,RUB,2024-08-31 18:51:18
459,689,online,799.5,EUR,2024-10-26 06:27:58
460,690,online,303.9,EUR,2026-05-06 07:28:08
461,691,crypto,579.24,EUR,2025-02-01 18:34:54
462,692,card,460.94,RUB,2024-06-25 14:05:44
463,694,online,474.04,EUR,2026-03-16 13:15:52
464,698,online,749.46,RUB,2024-09-13 23:15:50
465,699,card,65.49,EUR,2025-07-12 09:58:06
466,700,card,104.85000000000001,RUB,2025-02-01 18:26:48
467,701,cash,138.6,RUB,2024-08-16 13:27:24
468,702,cash,687.08,RUB,2025-07-08 01:34:46
469,705,card,20.56,USD,2025-01-13 00:06:40
470,706,card,478.94,USD,2025-04-03 01:14:03
471,708,online,958.3499999999999,EUR,2026-03-22 00:02:38
472,709,cash,1722.3500000000001,RUB,2025-10-16 10:53:09
473,710,cash,786.4,RUB,2026-04-01 09:25:11
474,711,cash,413.79,RUB,2026-03-09 23:46:09
475,713,card,128.82,RUB,2025-03-18 18:22:56
476,717,online,59.32,USD,2026-05-22 01:47:50
477,718,card,992.0,USD,2024-11-16 13:22:44
478,719,online,1027.74,RUB,2024-06-02 07:11:46
479,720,cash,515.3100000000001,USD,2025-08-19 18:23:41
480,721,card,793.76,EUR,2024-08-30 09:30:41
481,722,card,225.6,RUB,2025-04-17 09:20:31
482,723,online,650.6,RUB,2024-12-04 13:59:26
483,724,online,202.76,EUR,2024-08-13 01:49:44
484,726,cash,339.51,EUR,2026-02-16 12:22:16
485,727,online,82.36,EUR,2024-07-04 07:57:50
486,731,card,1576.12,EUR,2025-05-09 04:31:30
487,732,cash,1438.35,RUB,2026-03-23 21:26:53
488,733,card,1756.04,EUR,2025-08-09 03:12:22
489,735,card,1206.3000000000002,EUR,2026-02-18 18:59:57
490,736,online,544.2,USD,2026-04-30 03:39:39
491,737,card,810.39,RUB,2025-08-25 14:23:35
492,738,online,232.93,RUB,2024-10-11 07:55:54
493,739,online,149.4,USD,2024-11-05 21:07:02
494,740,online,1860.92,RUB,2026-02-02 21:29:18
495,741,online,471.41999999999996,RUB,2024-11-13 13:09:43
496,742,card,36.3,USD,2024-09-27 13:22:59
497,743,card,479.73,EUR,
498,745,online,1176.1200000000001,USD,2025-02-20 00:47:10
499,747,card,73.64,RUB,2025-11-17 06:59:42
500,749,online,1744.3000000000002,RUB,2025-04-11 05:43:24
501,750,card,477.26,USD,2025-12-21 03:25:41
502,751,card,1926.6999999999998,RUB,2026-04-14 19:29:50
503,752,card,184.57,USD,2026-02-01 08:50:39
504,753,online,1096.1999999999998,RUB,2026-01-09 11:14:24
505,754,card,525.7,RUB,2024-09-11 17:11:53
506,755,crypto,243.0,RUB,2024-12-20 00:31:54
507,756,card,1881.9499999999998,USD,2025-06-23 05:09:42
508,757,cash,974.52,USD,2025-11-05 14:59:54
509,759,online,75.7,USD,2025-04-30 15:40:43
510,760,card,1008.92,RUB,2025-03-21 05:06:36
511,764,card,490.81,EUR,2025-02-26 17:13:26
512,765,online,1518.8999999999999,USD,2024-11-16 05:45:32
513,766,online,1335.96,USD,2025-02-18 18:40:09
514,767,card,487.89,RUB,2024-12-10 09:13:35
515,768,card,778.15,RUB,2025-09-30 05:28:37
516,769,online,222.2,EUR,2025-10-11 02:20:32
517,771,card,599.04,RUB,2025-12-04 09:00:11
518,772,crypto,1766.6999999999998,USD,2025-12-12 14:06:29
519,773,online,743.1,RUB,2025-02-07 17:28:00
520,776,cash,1825.08,EUR,2025-09-20 19:49:35
521,777,online,539.8,RUB,2025-12-02 21:22:11
522,778,cash,1046.22,RUB,2024-07-05 06:30:37
523,779,card,716.84,USD,2026-05-18 12:54:09
524,780,card,965.92,EUR,2024-09-16 17:02:56
525,784,online,500.12,EUR,2025-02-14 18:37:22
526,785,crypto,392.88,USD,2025-02-15 10:04:03
527,787,card,297.38,EUR,2024-07-29 07:24:57
528,788,card,1264.02,EUR,2024-06-23 18:10:03
529,790,online,127.62,RUB,2025-02-24 16:22:44
530,791,cash,2008.7,RUB,2026-04-09 13:52:38
531,792,card,900.8,EUR,2026-02-24 11:10:02
532,793,online,2308.5,RUB,2026-02-01 18:30:17
533,795,online,532.28,EUR,2025-06-13 14:45:45
534,798,card,1916.72,USD,2026-03-15 22:58:48
535,799,cash,110.43,EUR,2025-12-17 20:49:56
536,800,card,1131.1499999999999,USD,2024-12-22 12:59:47
537,801,card,47.19,RUB,2024-11-27 11:53:13
538,802,online,111.62,USD,2024-10-19 07:51:20
539,806,card,1130.32,USD,2025-09-02 11:20:51
540,807,crypto,313.04999999999995,USD,2025-04-27 03:43:04
541,808,card,213.7,EUR,2025-07-20 17:02:48
542,811,card,479.0,EUR,2025-11-28 09:55:27
543,815,card,494.13,RUB,2025-05-05 14:13:26
544,816,card,1188.95,USD,2024-07-20 02:16:50
545,818,cash,71.78,USD,2024-12-19 11:02:42
546,819,card,1382.0,USD,2024-10-29 07:33:31
547,820,card,137.23,EUR,2025-05-16 13:28:19
548,821,card,156.92,USD,2025-02-10 06:49:49
549,822,card,246.4,EUR,2025-12-29 16:35:07
550,823,card,26.22,USD,2025-10-06 08:05:06
551,824,card,50.98,USD,2025-07-18 09:29:35
552,825,online,225.1,RUB,2026-03-27 00:08:34
553,826,card,988.64,EUR,2025-04-19 17:34:31
554,827,cash,1136.22,EUR,2025-10-27 07:56:08
555,828,card,1373.0500000000002,EUR,2025-02-21 01:54:55
556,830,card,31.63,USD,2025-09-27 03:26:44
557,832,online,125.54,USD,2025-05-22 04:44:56
558,835,card,919.95,USD,2025-04-24 19:59:23
559,837,online,1859.35,EUR,2025-04-22 20:21:06
560,838,card,2373.7,EUR,2026-05-12 16:40:05
561,839,card,1636.9499999999998,EUR,2024-11-25 11:00:48
562,840,online,1253.4,EUR,2024-09-18 04:19:08
563,841,card,629.22,USD,2026-03-22 18:49:38
564,843,crypto,611.6,RUB,2025-11-18 07:43:07
565,845,online,1723.8,EUR,2024-12-09 09:00:20
566,846,card,634.4399999999999,EUR,2025-08-28 13:14:23
567,848,cash,833.8,EUR,2025-11-12 12:09:33
568,851,card,1328.73,USD,2024-10-26 03:50:45
569,852,online,56.34,RUB,2025-12-27 07:50:05
570,853,online,168.4,USD,2024-09-26 20:29:39
571,854,card,152.02,RUB,2025-06-13 11:15:14
572,856,online,2153.05,RUB,2024-06-28 13:03:08
573,857,online,498.66,USD,2025-08-09 09:54:22
574,858,online,840.84,RUB,2025-07-07 04:56:37
575,859,online,557.2,EUR,2025-11-02 03:41:40
576,860,online,1716.3,EUR,2025-04-30 04:05:10
577,861,online,917.4300000000001,USD,2025-12-16 09:25:28
578,863,cash,421.64,RUB,2024-11-05 23:28:58
579,865,online,221.19,RUB,2025-10-21 02:34:14
580,867,card,437.98,USD,2026-03-07 06:06:40
581,868,online,819.76,RUB,2024-08-17 19:02:01
582,869,card,1412.25,USD,2024-07-16 00:51:37
583,870,card,410.52,RUB,2026-03-22 04:12:04
584,871,online,871.96,RUB,2025-02-23 09:05:28
585,872,card,1132.02,USD,2025-04-09 23:16:53
586,875,online,1823.45,USD,2025-10-03 04:03:02
587,876,crypto,2064.55,RUB,2024-06-03 13:40:17
588,879,cash,1250.52,RUB,2025-06-16 13:54:49
589,880,card,215.72,RUB,2024-10-01 21:17:06
590,881,card,658.1,EUR,2025-12-14 05:57:41
591,882,online,867.1500000000001,USD,2024-07-17 05:09:01
592,885,cash,1945.8,USD,2026-04-26 09:41:19
593,886,online,529.6,USD,2024-11-28 06:10:27
594,887,online,900.56,RUB,2025-05-21 23:06:53
595,888,card,1247.19,EUR,2025-10-12 07:24:16
596,889,card,1544.5,EUR,2024-09-01 10:25:12
597,890,card,1707.55,EUR,2024-08-05 14:08:24
598,891,card,1275.48,USD,2025-08-04 13:53:51
599,892,online,771.16,RUB,2024-08-03 17:29:46
600,893,cash,1269.66,EUR,2026-03-06 17:12:34
601,894,card,1279.1399999999999,EUR,2024-09-14 13:55:03
602,896,card,499.24,USD,2025-03-25 14:38:45
603,897,online,870.3499999999999,USD,2026-01-22 03:03:07
604,898,online,147.75,RUB,2025-01-28 17:52:47
605,899,card,865.64,RUB,2025-01-05 13:16:59
606,901,cash,739.7,USD,2025-01-22 04:05:43
607,903,online,1460.96,EUR,2025-03-25 08:38:14
608,905,card,214.48,EUR,2025-12-06 22:42:18
609,907,online,852.56,USD,2026-03-04 04:46:33
610,908,crypto,755.34,USD,2025-03-29 21:49:55
611,909,card,2442.25,EUR,2025-03-21 21:05:57
612,910,cash,777.0,EUR,2025-07-04 12:01:09
613,911,card,100.22999999999999,EUR,2025-11-10 00:12:52
614,915,cash,275.88,EUR,2025-01-18 02:11:05
615,916,card,1122.95,EUR,2025-11-23 20:46:15
616,917,online,552.64,EUR,2025-11-27 09:39:22
617,918,cash,251.48,RUB,2026-01-07 01:15:11
618,920,card,862.9,USD,2026-03-24 08:07:35
619,923,card,737.84,RUB,2026-05-09 18:12:27
620,924,cash,1519.72,USD,2025-06-28 09:00:33
621,925,online,1261.92,RUB,2024-07-21 14:20:57
622,926,card,426.93,USD,2025-08-08 06:11:10
623,927,cash,1951.0,RUB,2024-07-30 09:50:13
624,928,online,877.4,RUB,2025-09-19 16:58:43
625,929,online,539.76,RUB,2025-07-19 16:05:55
626,931,card,805.36,USD,2025-09-15 10:24:40
627,932,card,589.26,USD,2025-09-16 04:16:30
628,933,card,1236.44,EUR,2025-09-05 01:53:38
629,934,cash,1031.36,RUB,2024-05-26 19:01:23
630,935,card,397.36,RUB,2025-10-13 19:05:43
631,936,cash,381.3,RUB,2026-02-19 23:46:11
632,937,online,786.64,RUB,2024-10-02 20:00:21
633,938,card,92.28,RUB,2025-05-22 14:13:26
634,939,card,935.54,EUR,2024-08-04 05:28:11
635,940,card,770.6999999999999,RUB,2024-09-04 06:44:35
636,941,card,1190.6100000000001,USD,2025-10-07 20:27:36
637,942,cash,275.52,RUB,2024-06-15 10:29:12
638,943,card,388.68,EUR,2026-05-05 04:39:41
639,944,online,870.96,USD,2025-07-31 13:42:53
640,945,cash,863.24,RUB,2025-12-22 15:54:28
641,947,card,1242.54,USD,2025-08-16 02:32:23
642,949,online,2090.9,EUR,2024-08-02 23:44:44
643,952,cash,1466.56,RUB,2024-12-16 20:19:18
644,953,crypto,480.3,EUR,2025-10-14 01:26:11
645,955,online,351.08,RUB,2025-07-10 07:05:30
646,956,card,53.2,EUR,2026-03-18 04:55:38
647,957,card,621.21,USD,2024-07-03 05:22:01
648,959,card,1423.96,RUB,2024-10-07 10:01:19
649,960,online,1083.8,EUR,2025-03-30 09:21:18
650,961,card,1438.26,USD,2025-08-25 08:48:14
651,963,card,91.3,USD,2025-07-10 06:28:30
652,966,card,988.5,RUB,2026-02-04 03:47:05
653,967,cash,434.62,RUB,2025-10-05 23:08:29
654,969,card,585.15,USD,2025-05-25 17:59:39
655,970,online,614.44,RUB,2025-09-13 23:06:06
656,972,card,1184.8,USD,2025-09-02 07:57:29
657,974,card,856.1999999999999,EUR,2025-12-25 04:08:16
658,975,cash,169.46,RUB,2024-06-16 11:02:26
659,976,online,640.65,USD,2025-10-05 08:32:30
660,978,card,927.28,RUB,2024-12-13 09:59:32
661,979,cash,2390.2000000000003,RUB,2024-06-24 02:06:16
662,980,online,1606.84,RUB,2026-01-23 07:27:01
663,981,card,251.72,USD,2025-08-08 14:51:56
664,983,online,249.66,RUB,2024-08-28 13:24:42
665,985,online,1237.96,RUB,2026-02-27 01:37:03
666,986,online,1125.05,USD,2025-09-02 00:12:19
667,987,online,673.38,RUB,2025-12-23 21:08:23
668,988,card,233.25,RUB,2024-11-28 04:18:11
669,989,online,76.01,EUR,2024-10-15 10:21:29
670,990,crypto,56.9,USD,2026-04-27 07:04:53
671,992,online,1011.0,EUR,2025-09-23 02:53:29
672,993,card,108.98,EUR,2026-05-06 05:06:27
673,995,online,2251.3999999999996,USD,2025-09-13 00:39:16
674,996,card,1885.75,RUB,2026-05-03 19:01:38
675,997,card,522.5,RUB,2025-02-14 02:13:23
676,998,online,693.04,EUR,2026-01-08 09:28:54
677,999,online,737.12,USD,2025-03-07 21:24:30
678,1000,card,843.8,RUB,2025-04-03 10:56:00
679,1001,cash,66.81,EUR,2026-02-11 14:31:42
680,1002,online,1818.1,EUR,2025-01-21 18:41:32
681,1003,cash,1867.52,USD,2025-12-27 01:55:07
682,1004,online,442.82,EUR,2025-05-31 18:37:07
683,1006,online,1723.45,RUB,2025-04-30 03:37:07
684,1008,online,524.45,EUR,2025-12-21 19:05:31
685,1009,card,404.63,USD,2024-12-26 15:19:45
686,1012,card,137.09,USD,2025-03-10 17:27:19
687,1014,card,607.08,USD,2026-05-22 15:16:56
688,1015,online,104.85,USD,2025-08-21 10:05:12
689,1016,card,177.77,EUR,2025-09-28 03:13:16
690,1017,card,77.61,USD,2025-12-12 00:09:32
691,1021,card,195.55,USD,2024-06-24 09:47:55
692,1023,card,435.32,USD,2024-10-23 18:41:40
693,1024,crypto,688.2,USD,2025-01-11 11:13:27
694,1025,cash,237.09,USD,2025-02-08 06:41:22
695,1026,cash,1436.72,EUR,2025-08-30 01:47:48
696,1027,card,753.3,USD,2024-11-13 08:58:56
697,1028,online,1116.0,EUR,
698,1029,card,1208.48,EUR,2024-07-29 19:43:18
699,1031,online,97.36,RUB,2024-07-24 14:34:40
700,1033,online,951.4499999999999,USD,2025-02-01 13:32:51
701,1034,card,283.68,EUR,2025-07-10 10:45:33
702,1035,online,216.45,RUB,2024-09-01 08:14:43
703,1037,online,142.85,RUB,2025-04-20 18:43:45
704,1038,online,1575.32,RUB,2026-05-23 07:26:19
705,1040,card,1819.84,USD,2024-11-26 15:23:05
706,1041,card,1159.2,USD,2025-02-28 00:23:26
707,1042,card,1690.8500000000001,RUB,2026-01-22 07:02:13
708,1043,card,1621.76,USD,2025-03-27 10:50:30
709,1044,card,45.78,EUR,2024-07-07 01:28:28
710,1045,cash,123.58,EUR,2025-12-20 12:57:50
711,1046,card,169.77,RUB,
712,1048,online,1926.52,RUB,2025-03-22 06:05:06
713,1050,card,231.13,EUR,2026-04-23 14:21:08
714,1051,online,965.8,USD,2026-04-19 15:23:18
715,1052,card,215.21,EUR,2025-05-13 09:19:06
716,1053,card,392.64,USD,2025-05-07 10:49:57
717,1054,card,467.73,RUB,2026-03-24 16:18:44
718,1056,online,1342.6,USD,2024-06-07 22:05:37
719,1060,crypto,396.2,RUB,2025-01-08 06:10:37
720,1061,crypto,971.9499999999999,RUB,2024-12-16 20:07:08
721,1062,card,696.0,EUR,2024-10-12 13:13:46
722,1063,cash,199.11,USD,2026-01-02 03:28:01
723,1064,card,1389.4499999999998,USD,2024-06-30 04:40:03
724,1065,card,608.5,USD,2025-02-08 11:35:51
725,1067,cash,138.57,USD,2024-09-10 01:10:47
726,1068,cash,1618.25,USD,2025-10-19 05:23:18
727,1069,cash,1793.12,EUR,2026-02-02 18:15:30
728,1070,crypto,281.25,EUR,2026-02-26 11:08:08
729,1071,online,758.52,EUR,2025-12-10 22:54:12
730,1072,online,703.08,EUR,2025-04-07 10:17:32
731,1073,card,1797.28,RUB,2026-05-11 17:01:40
732,1074,cash,1894.8500000000001,RUB,2024-09-07 21:57:17
733,1075,card,945.0,RUB,2025-07-01 09:19:19
734,1077,card,1896.48,RUB,2025-10-28 13:21:31
735,1078,card,704.9,RUB,2024-12-22 06:52:52
736,1080,card,64.22,RUB,2025-01-27 13:43:20
737,1081,online,1989.6,USD,2024-06-23 21:11:06
738,1082,cash,217.02,RUB,2026-04-27 19:55:30
739,1084,card,686.75,EUR,2025-06-05 00:38:05
740,1085,crypto,1657.3500000000001,RUB,2026-05-05 12:23:33
741,1086,card,66.02,EUR,2025-07-31 11:41:45
742,1090,cash,2022.8999999999999,USD,2024-07-09 09:20:08
743,1091,online,1756.72,USD,2025-07-03 15:15:31
744,1092,card,204.28,EUR,2024-08-04 00:33:02
745,1093,card,354.12,USD,2024-07-30 16:51:34
746,1095,online,201.17,USD,2025-03-27 05:17:16
747,1096,card,1368.75,RUB,2025-02-23 13:39:43
748,1097,online,382.64,RUB,2024-09-16 07:26:36
749,1098,card,1433.48,RUB,2025-02-10 22:18:17
750,1100,card,1283.52,RUB,2025-12-30 03:17:26
751,1101,card,109.91,EUR,2024-10-14 13:22:19
752,1103,card,381.12,EUR,2025-11-03 17:33:12
753,1105,card,479.09999999999997,EUR,2025-03-26 17:30:55
754,1106,card,848.6,USD,2024-06-13 16:53:41
755,1107,crypto,599.52,RUB,2026-03-16 19:39:54
756,1110,card,1370.3,RUB,2025-01-09 07:53:21
757,1113,card,947.46,USD,2025-12-08 21:01:43
758,1116,card,414.63,EUR,2024-06-17 13:19:50
759,1118,online,384.15000000000003,RUB,2025-06-07 00:25:14
760,1119,crypto,1314.99,RUB,2025-11-07 19:15:38
761,1120,card,1310.5,USD,2024-12-15 04:32:49
762,1122,card,55.7,USD,2024-06-13 07:04:48
763,1123,cash,906.46,RUB,2025-11-26 14:26:07
764,1124,online,1991.25,USD,2026-04-05 19:00:49
765,1125,online,944.82,RUB,2025-03-07 11:16:27
766,1126,cash,1414.75,USD,2025-08-13 18:16:34
767,1127,card,245.42,USD,2026-03-08 15:44:43
768,1128,online,264.64,USD,2025-07-25 18:08:17
769,1129,online,1441.12,USD,2024-11-13 17:13:51
770,1130,online,1601.84,EUR,2024-06-09 19:10:24
771,1131,card,985.3199999999999,RUB,2024-07-09 07:47:20
772,1132,online,649.08,RUB,2025-12-02 21:25:14
773,1133,cash,825.15,RUB,2024-09-05 12:37:09
774,1134,card,233.95,EUR,2025-04-23 20:10:08
775,1137,online,1835.64,EUR,
776,1138,card,987.04,USD,2025-11-05 18:01:48
777,1139,card,708.7,RUB,2025-11-17 05:38:53
778,1140,online,1912.5,EUR,2025-08-27 07:34:25
779,1142,card,268.7,RUB,2024-08-01 20:53:17
780,1143,online,241.51,RUB,2025-08-07 05:46:43
781,1144,online,1100.45,EUR,2025-03-02 20:47:50
782,1145,online,630.0500000000001,USD,2026-05-08 06:39:57
783,1146,online,698.1899999999999,RUB,2025-09-04 23:56:15
784,1147,cash,158.34,USD,2026-05-15 00:24:13
785,1148,card,394.14,EUR,2024-12-29 19:47:36
786,1149,cash,935.56,RUB,2025-12-09 20:59:05
787,1150,crypto,788.38,USD,2025-08-19 10:19:01
788,1153,online,1089.8700000000001,EUR,2025-09-10 00:02:12
789,1155,card,143.8,EUR,2025-08-10 02:44:08
790,1156,cash,41.05,EUR,2025-12-27 21:40:44
791,1158,card,853.85,RUB,2024-06-19 00:58:12
792,1159,online,497.8,RUB,2026-04-04 18:31:19
793,1160,online,182.08,RUB,2025-07-14 00:17:27
794,1161,crypto,1621.6499999999999,USD,2025-10-14 00:59:25
795,1163,card,374.5,USD,2025-07-05 09:31:03
796,1165,card,1361.8799999999999,RUB,2024-06-21 02:38:58
797,1166,online,1057.71,USD,2024-10-21 07:24:52
798,1167,card,572.7,EUR,2024-08-31 07:41:08
799,1168,card,212.58,RUB,2026-05-05 23:10:11
800,1169,cash,436.28,EUR,2026-02-05 11:59:34
801,1170,card,27.41,EUR,2026-02-27 10:40:32
802,1173,card,1469.16,EUR,2025-04-17 00:52:56
803,1174,online,989.94,EUR,2026-01-21 10:43:28
804,1175,card,331.56,USD,2024-06-21 04:07:28
805,1179,online,1104.0,RUB,2025-11-02 20:11:51
806,1180,card,236.72,RUB,2026-05-19 03:06:53
807,1181,card,1214.01,RUB,
808,1183,online,1056.99,USD,2026-04-16 07:41:40
809,1184,online,1183.8600000000001,RUB,2024-07-15 11:59:06
810,1185,card,48.68,USD,2026-01-25 00:05:54
811,1187,card,224.65,USD,2025-10-10 12:05:34
812,1188,online,1206.12,USD,2025-09-16 01:40:29
813,1189,card,673.1,USD,2025-06-20 17:34:36
814,1190,crypto,970.44,RUB,2025-12-23 01:47:52
815,1192,card,124.68,RUB,2024-10-14 10:06:51
816,1193,cash,1324.35,RUB,2026-02-10 00:43:28
817,1194,card,1038.4499999999998,EUR,2024-07-15 23:30:30
818,1195,online,1928.96,RUB,2025-08-04 19:45:44
819,1196,online,194.05,RUB,2026-03-09 12:42:55
820,1197,card,996.2,RUB,2024-10-09 07:29:27
821,1200,card,512.28,USD,2025-06-23 13:11:34
