event_id,customer_id,event_type,event_timestamp,product_id
1,483,view,2025-06-23 18:40:09,281
2,550,login,2025-11-30 00:01:33,20
3,570,login,2025-02-16 21:53:55,588
4,213,view,2025-07-12 08:14:08,408
5,202,purchase,2025-04-03 12:11:22,453
6,407,purchase,2025-09-16 03:22:28,593
7,649,purchase,2025-12-19 00:43:43,416
8,211,click,2025-08-19 00:00:37,472
9,143,logout,2025-09-11 03:25:39,603
10,646,view,2024-10-25 05:32:16,587
11,269,view,2026-03-15 11:17:56,113
12,186,login,2026-01-05 11:55:07,581
13,472,login,2026-02-24 06:50:07,27
14,422,logout,2026-01-14 09:38:05,337
15,226,view,2024-08-07 00:54:45,399
16,111,logout,,411
17,736,logout,2024-07-06 19:51:55,600
18,35,view,2025-07-17 12:46:22,238
19,279,click,2025-04-30 21:23:00,430
20,494,click,2025-05-18 07:42:20,281
21,547,purchase,2025-08-06 10:01:35,577
22,559,purchase,2025-11-24 21:01:34,64
23,73,login,2024-07-20 19:21:47,39
24,76,logout,2024-07-23 17:52:12,411
25,11,logout,2025-02-17 20:02:38,605
26,679,view,2024-09-11 09:56:23,320
27,672,click,2024-06-23 06:44:36,40
28,155,login,2025-07-22 02:25:51,122
29,414,view,2025-12-21 15:16:26,75
30,636,click,2025-11-17 13:12:55,125
31,206,purchase,2026-05-15 15:57:41,268
32,160,click,2024-11-04 15:02:32,77
33,436,login,2025-05-12 05:14:11,99
34,498,logout,2025-03-18 12:01:58,557
35,392,purchase,2025-07-20 14:23:44,102
36,719,login,2026-01-15 20:18:11,139
37,723,purchase,2025-06-29 07:09:59,17
38,139,login,2025-05-24 03:41:19,5
39,166,logout,2025-03-26 03:32:01,91
40,297,click,2026-05-03 12:29:43,471
41,648,click,2025-05-16 22:32:18,77
42,623,login,2024-11-20 18:16:28,523
43,378,purchase,2026-04-17 01:31:12,193
44,620,logout,2025-08-09 16:28:40,82
45,39,login,2025-07-29 01:51:50,114
46,674,view,2025-08-23 21:51:31,294
47,174,click,2026-05-15 02:49:11,291
48,50,click,2025-11-20 11:18:35,344
49,224,login,2024-12-04 07:32:59,444
50,678,view,2024-09-14 06:58:56,260
51,353,purchase,2026-02-12 04:31:22,509
52,320,view,2025-11-13 01:08:20,373
53,290,view,2025-03-22 10:28:31,478
54,598,logout,2025-09-26 12:02:47,539
55,368,logout,2024-11-24 22:10:22,584
56,613,view,2026-05-09 23:05:26,109
57,606,purchase,2025-10-14 03:59:33,357
58,680,click,2025-06-06 16:21:47,517
59,304,click,2025-10-04 20:23:25,89
60,467,login,2025-06-16 06:21:19,371
61,415,purchase,2025-05-28 16:05:21,9
62,0,view,2024-11-09 21:14:10,282
63,114,view,2024-07-15 20:40:33,388
64,522,login,2025-07-21 01:05:00,267
65,42,logout,2025-06-11 18:31:24,106
66,0,login,2026-05-23 23:17:14,614
67,61,view,2026-05-16 05:34:03,550
68,0,login,2026-03-01 10:15:48,514
69,738,purchase,2025-06-16 04:47:23,166
70,144,logout,2024-08-28 06:45:43,180
71,570,view,2025-11-10 09:47:00,483
72,335,logout,2024-09-16 17:05:11,621
73,606,view,,95
74,40,logout,2025-11-07 05:54:10,620
75,119,view,2026-03-26 20:55:00,253
76,356,purchase,2025-05-30 15:15:57,454
77,150,logout,2024-12-20 00:32:57,8
78,448,purchase,2026-02-13 23:01:02,570
79,42,login,2024-07-26 21:20:08,30
80,131,view,2026-04-15 22:15:07,25
81,308,purchase,2025-06-13 00:37:43,338
82,249,logout,2024-10-02 08:03:46,130
83,523,view,2025-01-12 15:07:13,269
84,295,login,2025-05-02 05:21:19,295
85,644,view,2025-09-14 04:47:41,523
86,691,logout,2025-08-28 15:16:21,395
87,228,login,2024-08-18 21:46:47,573
88,658,view,2024-06-04 02:23:30,233
89,476,view,2026-05-10 08:27:12,100
90,228,logout,2025-07-01 03:43:23,456
91,257,click,2025-06-19 07:29:42,413
92,611,purchase,2025-02-23 07:17:55,566
93,331,login,2024-07-10 03:08:37,607
94,586,view,2025-05-03 08:36:36,285
95,192,view,2025-03-16 05:18:29,618
96,441,view,2024-09-09 08:15:19,368
97,157,logout,2024-11-21 14:32:15,387
98,69,login,2026-01-18 10:19:32,471
99,247,purchase,2026-05-15 00:05:23,45
100,85,click,2024-10-28 11:35:19,96
101,229,logout,2024-06-12 14:10:17,602
102,566,purchase,2025-07-13 10:30:45,21
103,525,login,2025-02-01 22:06:59,631
104,629,logout,2024-09-01 17:49:37,303
105,276,login,2026-01-16 16:29:31,185
106,331,view,2025-10-31 19:35:39,189
107,247,purchase,2024-07-19 15:29:32,309
108,0,view,2025-02-07 08:25:42,466
109,727,view,2025-12-06 19:55:09,351
110,253,login,2024-08-10 23:12:17,336
111,548,login,2024-08-23 13:48:34,599
112,30,login,2024-07-26 19:13:49,388
113,16,click,2025-04-27 09:42:38,63
114,245,click,2025-03-14 17:44:05,148
115,636,logout,2024-11-16 23:51:55,186
116,228,purchase,2026-04-08 23:05:26,143
117,538,view,2025-05-20 14:25:32,144
118,620,click,2025-11-16 22:25:13,633
119,615,click,2025-12-19 22:48:34,303
120,161,click,,90
121,418,click,2026-05-09 13:31:37,368
122,701,click,2024-11-22 00:57:54,392
123,619,view,2025-11-29 09:58:51,130
124,364,click,2025-10-27 03:33:02,237
125,601,view,2026-02-26 08:47:23,367
126,8,view,2025-05-05 21:25:18,600
127,50,click,2025-11-22 12:02:08,217
128,383,login,2026-05-16 21:39:52,87
129,619,view,2024-11-28 15:36:34,189
130,726,purchase,2024-10-26 00:47:48,386
131,150,purchase,2024-10-01 07:18:44,288
132,717,logout,2025-12-27 04:27:55,363
133,615,login,2025-04-01 09:47:00,637
134,147,purchase,2025-03-25 00:57:54,353
135,745,click,2024-09-25 10:47:48,240
136,85,login,2026-03-08 19:57:10,548
137,78,login,2025-05-20 17:20:34,295
138,251,view,2025-12-31 04:19:41,362
139,201,view,2025-05-13 15:29:15,463
140,511,login,2024-09-16 11:56:41,349
141,60,login,2026-03-08 00:11:12,429
142,69,logout,2025-08-06 22:19:02,89
143,718,login,2025-10-20 11:39:58,417
144,679,logout,2026-03-22 10:51:53,136
145,252,view,2025-12-13 22:39:24,642
146,561,login,,645
147,490,click,2026-03-17 05:37:31,139
148,155,login,2024-11-08 01:57:45,365
149,600,click,2024-06-25 22:08:56,530
150,738,logout,2024-08-23 07:48:43,226
151,510,purchase,2025-11-26 07:27:02,621
152,320,view,,251
153,465,click,2025-10-18 21:16:03,551
154,579,click,2026-04-21 14:41:13,75
155,213,login,2025-03-23 09:54:21,642
156,515,login,2026-05-08 16:12:11,130
157,491,logout,2024-10-20 14:54:40,106
158,503,click,2024-09-30 14:13:48,509
159,423,view,2024-12-22 02:12:45,350
160,216,click,2026-03-31 22:58:08,101
161,282,view,2026-02-11 05:56:41,362
162,168,login,2025-12-11 04:02:26,442
163,456,click,2024-08-06 23:43:34,378
164,66,login,2025-02-22 04:12:08,287
165,324,click,2025-04-03 01:58:44,255
166,501,purchase,2025-12-25 09:06:32,322
167,396,login,2026-04-03 05:18:24,452
168,524,login,2025-09-12 02:20:14,286
169,592,purchase,2024-07-12 12:15:40,23
170,315,click,2026-04-04 21:51:14,424
171,593,logout,2026-01-16 12:44:18,393
172,547,view,2025-02-17 09:30:03,56
173,432,login,2025-12-15 02:54:50,505
174,184,click,2025-10-09 16:35:58,23
175,629,click,2024-10-16 17:38:57,276
176,142,logout,2025-01-25 22:43:27,448
177,673,view,2025-05-06 18:44:25,201
178,300,login,2024-09-04 01:17:32,7
179,294,login,2024-12-08 22:53:02,475
180,141,logout,2025-01-28 04:12:58,54
181,0,click,2024-12-20 20:15:50,543
182,138,login,2025-01-13 04:03:51,148
183,249,click,2024-07-13 00:28:09,582
184,716,purchase,2024-09-06 08:59:35,405
185,500,login,,202
186,417,click,2026-02-01 10:50:39,533
187,437,view,2025-06-19 05:00:21,142
188,0,view,2025-04-17 06:57:03,531
189,300,purchase,2026-03-28 00:55:23,260
190,557,click,2024-10-07 00:19:49,463
191,692,view,2024-09-01 20:46:40,522
192,171,logout,2026-05-01 07:53:23,511
193,742,view,2025-08-12 16:20:47,391
194,9,purchase,2025-03-22 05:57:04,293
195,446,logout,2026-01-08 17:08:25,576
196,380,purchase,2026-01-20 22:42:59,54
197,117,click,2024-07-10 00:46:30,379
198,96,click,2025-08-24 06:44:19,1
199,80,purchase,2024-11-22 21:00:15,113
200,487,logout,2026-02-07 19:59:19,62
201,554,click,2026-03-23 21:50:45,522
202,591,view,2024-06-13 23:02:31,70
203,63,purchase,2024-08-24 05:30:53,357
204,416,logout,2024-06-09 23:59:10,219
205,339,view,2025-12-13 00:24:07,223
206,489,purchase,2025-03-06 23:32:06,52
207,202,view,2025-11-18 20:44:37,413
208,529,login,2026-03-11 13:07:23,113
209,499,login,2025-08-25 23:24:44,37
210,94,logout,2026-02-18 08:53:37,474
211,673,logout,2024-10-22 15:02:26,573
212,662,login,2025-09-03 22:26:56,447
213,96,logout,2026-03-04 09:23:26,435
214,530,view,2026-02-05 04:57:02,585
215,482,login,2025-07-10 17:50:06,594
216,730,click,2025-06-04 17:17:12,68
217,488,purchase,2025-03-28 10:01:04,341
218,550,click,2025-07-05 21:49:54,553
219,69,login,2025-07-19 10:35:46,154
220,559,purchase,2026-05-04 11:21:54,254
221,593,logout,2026-03-07 13:10:23,164
222,398,click,2025-01-07 16:39:49,494
223,344,view,2025-01-07 11:55:04,553
224,275,login,2026-02-08 13:35:36,620
225,0,click,,528
226,350,login,2024-07-01 10:55:56,394
227,441,click,2024-10-16 01:03:52,72
228,654,view,2024-09-12 08:47:21,129
229,531,purchase,2025-03-12 05:58:39,245
230,5,login,2025-08-18 22:08:06,8
231,549,login,2025-08-08 18:07:44,9
232,655,click,2025-10-26 16:26:32,171
233,496,login,2026-01-23 02:59:45,119
234,124,logout,2025-09-04 09:02:35,327
235,132,login,2026-02-28 20:41:19,400
236,0,logout,2025-08-19 14:44:21,454
237,85,view,2024-05-29 11:07:19,286
238,145,purchase,2026-01-20 01:17:01,54
239,358,login,2025-05-09 22:08:34,458
240,481,logout,2025-08-28 20:07:58,438
241,124,logout,2025-08-08 17:08:17,111
242,386,logout,2025-08-13 22:56:07,409
243,413,login,2025-02-17 13:33:07,622
244,625,login,2026-02-06 19:31:55,241
245,200,purchase,,630
246,731,click,2026-01-22 18:34:32,289
247,142,login,2025-04-15 12:31:19,374
248,201,logout,2024-08-14 06:20:58,187
249,131,logout,2025-09-22 20:32:39,265
250,250,view,2024-10-06 20:34:48,371
251,710,click,2024-09-07 16:52:42,117
252,343,logout,2024-12-09 01:28:03,337
253,39,view,2025-10-21 10:30:40,407
254,726,click,2026-01-24 18:20:18,32
255,0,login,2025-03-04 06:26:57,586
256,735,purchase,2026-02-08 09:50:58,345
257,613,logout,2025-03-05 21:30:38,209
258,226,logout,2026-03-18 20:47:27,212
259,367,view,2025-05-04 08:10:46,111
260,291,login,2025-11-16 11:39:54,259
261,394,logout,2024-09-22 08:01:18,649
262,397,click,2025-06-16 15:16:04,24
263,213,login,2025-04-04 13:51:22,418
264,434,logout,2025-12-01 13:47:26,403
265,552,logout,2025-11-12 00:37:29,511
266,686,view,2025-05-19 16:10:22,36
267,706,click,,401
268,681,purchase,2025-09-05 00:56:30,387
269,18,logout,,347
270,287,click,2025-07-27 15:06:12,118
271,411,click,2026-04-17 14:39:51,203
272,241,login,2025-09-19 22:34:47,223
273,391,click,2024-08-15 16:20:48,92
274,60,view,2025-10-17 00:23:58,539
275,610,view,2025-02-06 06:29:46,534
276,117,purchase,2024-12-22 22:06:44,545
277,46,click,2024-08-20 15:09:26,286
278,67,logout,2025-05-26 15:37:11,640
279,700,click,2025-09-02 22:30:13,269
280,724,login,2025-07-10 23:44:56,91
281,249,login,2025-12-14 13:11:42,26
282,525,view,2026-03-28 08:14:49,141
283,691,logout,2025-09-30 10:58:58,586
284,311,purchase,2025-05-16 22:08:11,4
285,356,click,2025-07-20 19:39:05,91
286,38,logout,2026-04-01 01:25:09,251
287,9,login,2025-12-17 03:45:14,208
288,620,logout,2026-02-26 12:14:37,143
289,97,view,2024-10-06 09:18:51,144
290,684,click,2024-06-29 22:43:42,418
291,365,view,2025-02-06 10:55:58,498
292,438,view,2024-06-09 01:40:52,491
293,408,click,2025-02-26 21:32:00,556
294,222,click,2025-04-07 04:56:55,539
295,681,view,2025-11-25 10:42:03,407
296,656,login,2025-11-10 00:49:39,163
297,189,login,2025-07-06 17:06:19,528
298,12,click,2025-08-30 21:47:31,407
299,88,purchase,2025-07-12 15:44:10,564
300,657,logout,2025-03-25 19:57:34,1
301,475,logout,2025-09-06 20:11:56,326
302,580,click,2024-08-15 18:20:17,638
303,489,click,2025-11-17 02:28:11,618
304,508,view,2025-05-13 01:33:42,193
305,571,logout,,31
306,75,purchase,2024-08-22 06:51:23,452
307,112,login,2026-02-10 14:04:34,565
308,597,view,2025-09-23 22:05:09,143
309,605,purchase,2024-09-20 01:41:13,360
310,96,login,2024-10-08 02:03:03,117
311,316,view,2025-01-16 18:20:42,370
312,0,logout,2025-01-04 06:24:54,277
313,609,click,2025-10-18 14:49:27,458
314,575,login,2025-02-19 21:44:37,475
315,51,view,2025-06-25 06:10:29,604
316,0,view,2025-07-05 09:35:25,154
317,349,view,2025-09-14 05:03:08,401
318,0,purchase,2026-02-03 16:05:27,24
319,412,logout,2026-04-09 22:09:29,186
320,166,click,2024-11-03 06:26:15,216
321,122,view,2024-08-28 17:37:17,43
322,14,login,2025-12-30 03:42:11,21
323,140,click,2025-06-28 04:19:15,434
324,143,logout,2025-04-20 21:52:40,245
325,481,purchase,2024-10-07 07:19:51,335
326,507,view,2025-05-06 19:03:54,284
327,313,logout,2024-07-07 15:10:57,418
328,695,login,2026-03-20 05:13:14,390
329,556,click,2026-03-26 13:13:45,312
330,260,click,2026-01-30 16:05:16,68
331,288,login,2024-08-20 00:29:06,550
332,679,purchase,2025-12-20 17:30:26,527
333,204,purchase,2024-08-26 00:34:59,304
334,576,click,2024-08-06 10:59:26,362
335,671,login,2025-03-15 19:08:06,427
336,507,login,2025-10-09 13:00:37,531
337,321,view,2024-06-27 17:38:38,472
338,485,login,,521
339,624,click,2026-02-28 22:58:57,419
340,625,purchase,2026-04-13 11:41:31,441
341,612,logout,2025-11-25 03:57:19,25
342,742,purchase,2026-03-06 15:54:56,370
343,0,click,2025-02-13 14:56:32,411
344,475,view,2025-12-05 03:12:54,202
345,288,logout,2026-02-22 21:44:45,581
346,47,login,2025-07-10 16:53:43,502
347,146,logout,2024-09-07 07:00:49,354
348,683,view,2025-02-07 11:23:57,30
349,65,purchase,2025-11-27 13:52:14,360
350,113,click,2024-12-27 01:36:29,5
351,308,view,2026-04-16 15:03:54,576
352,97,purchase,2025-04-10 16:27:13,67
353,143,logout,2024-05-26 09:41:43,239
354,230,logout,2024-10-28 22:10:29,339
355,193,view,2026-03-10 07:26:38,245
356,673,view,2024-07-18 10:10:22,171
357,411,login,2026-05-04 00:25:09,153
358,565,login,2026-01-25 19:49:13,353
359,114,logout,2026-01-10 05:15:15,229
360,542,purchase,2025-12-11 14:15:59,351
361,83,login,2024-12-27 17:26:08,619
362,641,click,2025-01-13 23:41:51,81
363,489,purchase,2025-02-14 15:13:23,367
364,321,click,2024-11-29 01:34:49,33
365,428,click,2025-08-08 16:37:06,111
366,426,click,2025-02-16 02:01:12,395
367,98,click,2026-05-10 02:27:48,326
368,488,login,2025-10-04 00:35:42,171
369,436,view,2024-12-04 23:47:54,435
370,30,logout,2025-11-22 10:47:23,453
371,402,logout,2024-12-09 12:35:10,61
372,435,view,2024-12-01 22:40:52,442
373,0,click,2026-02-06 08:39:27,613
374,345,login,2025-05-19 07:58:26,61
375,319,purchase,2025-01-27 01:00:26,605
376,553,click,2026-03-14 15:01:50,429
377,452,view,2025-09-29 17:19:20,221
378,288,logout,2025-02-14 06:37:36,544
379,40,purchase,2025-06-04 17:34:18,93
380,674,click,2025-08-10 09:51:22,379
381,623,login,2025-11-26 04:50:32,48
382,696,click,2026-03-27 18:08:36,244
383,110,click,2025-10-25 11:32:25,380
384,453,click,2026-03-17 04:48:30,66
385,113,purchase,2024-06-03 06:57:05,293
386,644,view,2024-06-16 14:34:48,208
387,663,login,2025-04-10 13:47:08,382
388,231,view,2025-07-23 15:12:55,161
389,681,login,2026-04-01 05:42:19,110
390,0,click,2025-09-05 01:57:28,118
391,690,logout,2025-06-09 21:40:52,348
392,66,click,2025-02-01 10:23:49,522
393,115,click,2024-11-30 01:42:58,86
394,55,login,2025-07-02 14:16:04,634
395,160,logout,2026-03-20 05:08:00,407
396,581,purchase,2025-05-31 15:21:53,472
397,446,view,2024-10-13 02:42:44,368
398,141,login,2024-08-18 02:15:11,453
399,659,logout,2026-01-09 10:34:34,83
400,383,view,2024-12-08 04:11:52,326
401,0,click,,387
402,534,login,2025-01-15 09:45:20,36
403,219,purchase,2025-12-09 02:03:27,57
404,175,logout,2025-07-20 19:26:08,407
405,49,view,2025-02-04 00:15:21,620
406,737,purchase,2025-05-19 19:41:50,471
407,696,view,2025-03-17 18:46:15,150
408,246,logout,2026-03-10 21:54:49,46
409,78,logout,2025-04-08 02:12:54,458
410,177,purchase,2025-10-30 01:22:38,251
411,288,view,2025-12-05 10:19:12,164
412,0,click,2025-01-13 17:16:51,561
413,174,click,2025-05-15 16:34:08,564
414,202,view,2025-08-17 17:27:43,397
415,536,login,2026-02-20 17:48:03,10
416,244,view,2024-07-09 18:34:46,491
417,252,logout,,523
418,607,login,2024-11-21 10:08:59,189
419,48,purchase,2025-03-10 20:51:24,264
420,716,view,2025-12-03 20:08:18,10
421,468,click,2026-05-17 00:39:57,374
422,29,logout,2025-03-31 11:39:19,329
423,107,login,,381
424,83,logout,2024-07-18 18:06:17,638
425,272,purchase,2024-12-06 18:59:35,373
426,431,click,2025-01-10 10:15:52,353
427,347,view,2026-02-18 13:14:03,465
428,439,click,2025-03-29 12:07:31,120
429,705,logout,2026-01-06 01:40:40,145
430,436,purchase,2026-01-13 10:45:00,138
431,412,login,2025-07-25 17:27:21,452
432,557,view,2024-08-09 11:32:34,507
433,213,click,2025-05-25 04:29:56,538
434,490,view,2025-08-25 02:36:42,144
435,223,purchase,2025-11-14 23:05:44,71
436,310,login,2024-10-24 23:21:58,181
437,507,click,,114
438,74,login,2025-10-12 07:45:34,306
439,179,view,2024-12-31 01:26:27,303
440,524,logout,2026-04-02 10:44:50,545
441,432,login,2026-03-16 17:46:55,28
442,257,login,2025-07-22 14:49:30,579
443,397,login,2025-02-19 14:53:19,222
444,387,click,,285
445,555,logout,2025-11-14 12:06:23,234
446,412,view,2025-01-29 15:56:54,591
447,186,click,2025-05-18 19:28:49,609
448,117,click,2024-11-19 16:34:26,60
449,393,click,2025-01-14 03:03:08,45
450,271,click,2025-04-26 21:08:47,84
451,557,click,2024-09-10 23:26:25,288
452,492,click,,550
453,117,logout,2025-02-17 13:38:42,411
454,668,login,2024-06-04 04:32:58,459
455,539,logout,2025-04-04 04:43:37,591
456,489,logout,2024-07-21 09:35:53,640
457,615,click,2024-11-20 19:02:16,139
458,110,view,2025-03-30 09:27:16,420
459,344,purchase,2025-09-21 21:03:45,98
460,567,view,2025-05-17 21:00:27,10
461,444,click,2026-04-22 23:49:12,321
462,417,view,2026-03-20 05:08:42,205
463,97,login,2024-08-09 18:33:56,376
464,361,click,2026-03-05 11:30:25,425
465,106,purchase,2024-06-08 12:12:04,224
466,500,logout,2024-11-01 11:56:56,588
467,217,logout,2026-03-11 21:04:29,600
468,55,click,2024-09-25 22:43:18,117
469,213,view,2025-10-25 20:27:50,437
470,506,click,2024-12-10 03:13:11,228
471,708,view,2025-07-31 10:53:56,248
472,79,logout,2026-01-04 20:41:59,593
473,38,view,2026-04-27 08:09:02,617
474,58,click,2025-01-22 10:41:18,303
475,381,purchase,2026-02-24 00:17:11,350
476,712,click,2024-09-16 01:11:30,601
477,562,view,2025-12-11 03:51:24,286
478,224,click,2025-05-17 02:47:09,330
479,351,purchase,2025-06-15 07:35:43,615
480,718,purchase,2024-12-16 06:11:43,69
481,645,purchase,2024-11-12 09:49:20,432
482,184,view,2026-02-09 17:04:17,187
483,724,view,2025-10-22 23:21:25,556
484,405,logout,2026-01-02 10:30:51,265
485,101,logout,2025-10-02 05:37:49,240
486,97,click,2024-11-26 19:16:22,618
487,0,login,2025-01-24 09:58:33,534
488,678,logout,2025-03-20 05:18:19,602
489,439,purchase,2026-02-14 12:57:03,594
490,552,purchase,2025-01-07 01:32:51,33
491,576,logout,2024-05-30 17:19:07,181
492,720,login,2024-09-18 23:06:23,193
493,337,view,2026-01-19 08:46:53,521
494,66,click,2026-02-19 05:06:05,637
495,482,login,2025-08-01 03:14:31,490
496,710,login,2025-10-27 09:44:07,301
497,12,click,2025-02-27 05:32:16,176
498,662,purchase,2025-05-02 06:16:10,632
499,538,click,2026-02-16 18:56:41,63
500,422,click,2024-12-28 08:17:39,241
501,445,view,2025-02-26 13:03:42,558
502,103,purchase,2025-04-20 15:21:01,173
503,304,logout,2025-07-27 06:27:57,278
504,160,view,2025-04-18 03:46:53,287
505,251,purchase,,616
506,316,purchase,2025-05-24 05:46:23,94
507,121,logout,2026-01-26 04:13:11,67
508,345,purchase,,590
509,292,login,2024-07-26 12:22:49,636
510,553,view,2024-11-08 20:35:22,479
511,40,click,2024-10-19 14:15:02,333
512,96,logout,2026-04-15 17:25:01,184
513,395,view,,205
514,326,logout,2025-02-03 08:52:24,592
515,608,view,2025-10-15 22:59:00,179
516,248,login,2025-11-09 08:18:21,434
517,615,click,2025-07-30 20:58:32,240
518,238,view,2024-09-20 12:09:19,96
519,67,logout,2026-03-23 09:00:00,197
520,624,logout,2025-05-12 23:28:26,313
521,130,click,2025-05-07 21:29:38,388
522,435,logout,2025-03-21 00:18:17,277
523,420,purchase,2025-08-06 03:30:01,552
524,620,click,2026-01-02 16:15:11,484
525,380,logout,2026-03-23 15:57:53,627
526,261,logout,2026-03-13 03:56:21,371
527,295,click,2026-04-17 15:13:46,181
528,393,click,2024-12-21 14:05:33,352
529,22,click,2025-06-24 20:12:53,23
530,592,click,2025-08-14 14:47:26,573
531,649,logout,2025-10-10 19:05:21,383
532,624,login,2025-01-10 19:54:33,9
533,255,logout,2025-04-16 17:46:47,433
534,291,purchase,2025-06-29 21:32:12,482
535,415,purchase,2024-11-08 22:46:56,563
536,536,view,2026-01-15 18:44:25,603
537,349,logout,2026-01-19 07:20:00,467
538,218,purchase,2024-11-29 08:16:33,626
539,661,login,2024-11-13 21:32:07,445
540,441,logout,2025-04-22 21:25:16,265
541,0,view,2024-10-21 05:38:02,23
542,444,view,2024-10-19 16:39:25,637
543,451,view,,221
544,537,login,2025-12-07 08:35:55,402
545,492,login,2025-08-13 12:36:38,334
546,1,view,2025-06-27 20:19:00,518
547,433,view,2025-12-10 13:34:48,300
548,268,click,2026-01-20 06:09:20,213
549,377,login,2025-12-17 00:53:04,336
550,20,purchase,2024-06-01 15:17:02,18
551,662,login,2024-09-06 07:28:59,591
552,235,purchase,2026-01-27 01:54:01,271
553,183,login,2026-03-13 15:49:25,550
554,602,purchase,2025-09-29 09:20:15,128
555,308,click,2026-03-24 07:52:53,247
556,552,login,2025-06-13 01:25:37,177
557,386,purchase,2026-05-21 05:20:55,74
558,645,click,2025-07-05 21:38:55,295
559,587,login,2024-06-08 02:07:00,54
560,688,purchase,2025-08-10 05:57:34,227
561,20,view,,82
562,145,logout,2026-03-09 05:53:42,342
563,87,logout,2024-08-27 06:17:04,2
564,302,logout,2024-06-25 19:45:38,151
565,726,purchase,2025-08-02 14:29:47,487
566,50,login,2025-02-26 14:24:19,151
567,53,login,2025-08-29 02:48:49,312
568,697,logout,2024-08-28 11:32:45,521
569,613,click,2024-10-28 20:17:16,551
570,74,click,2026-05-16 00:46:08,380
571,451,view,2024-11-10 12:11:23,49
572,460,view,2025-04-04 20:26:01,309
573,287,login,2025-04-23 08:58:30,439
574,178,click,2026-03-28 11:21:53,402
575,456,view,2024-09-04 13:37:45,568
576,620,login,2025-09-20 03:25:22,508
577,384,purchase,2025-05-09 05:33:57,293
578,515,click,2024-08-28 15:33:45,195
579,457,purchase,2025-05-25 12:25:04,29
580,246,login,2024-07-23 02:09:15,487
581,0,click,,492
582,432,view,2024-10-15 03:38:35,456
583,360,view,2025-10-16 15:38:02,483
584,213,click,2024-10-20 08:15:13,603
585,60,view,2026-01-24 21:07:14,285
586,35,purchase,2026-04-04 17:52:48,519
587,154,purchase,2026-03-06 05:18:09,352
588,251,purchase,2025-07-09 19:29:35,433
589,375,click,2025-09-23 09:15:57,134
590,422,view,2025-08-04 06:47:24,14
591,38,view,2025-12-28 07:49:22,585
592,81,click,2025-07-17 07:28:11,599
593,682,login,2025-01-16 04:06:11,615
594,706,logout,2025-07-30 18:22:08,409
595,322,view,2025-07-05 22:37:39,326
596,515,login,2025-09-18 19:12:35,284
597,412,purchase,2025-12-08 06:21:12,482
598,460,view,2025-02-17 04:11:33,419
599,524,view,2026-04-14 07:44:29,473
600,598,login,2025-10-05 05:15:47,151
601,726,purchase,2025-12-06 07:38:41,378
602,414,logout,2025-12-09 04:10:46,18
603,540,view,2026-03-09 16:49:32,169
604,719,click,,185
605,589,login,2025-01-27 10:22:20,293
606,18,login,2024-08-20 07:13:05,639
607,548,click,2025-12-12 03:02:23,57
608,364,view,2026-01-29 07:08:58,386
609,34,purchase,2025-02-06 06:43:33,250
610,219,view,2024-12-23 21:17:27,513
611,348,login,2026-02-05 16:36:12,310
612,0,purchase,2025-09-09 15:41:51,289
613,0,click,2024-10-25 15:26:53,232
614,517,click,2025-02-27 04:50:49,85
615,551,login,2025-08-17 02:30:04,509
616,491,click,2025-01-05 09:09:50,209
617,376,click,,364
618,527,purchase,2024-06-07 03:29:51,429
619,326,view,2024-11-07 14:41:18,637
620,540,purchase,2025-01-29 09:49:14,122
621,501,purchase,2025-03-08 17:01:33,638
622,635,logout,2026-02-03 13:47:45,78
623,175,logout,2024-12-22 20:56:27,339
624,370,view,2026-01-10 06:06:21,354
625,636,logout,2024-10-03 09:19:32,100
626,602,logout,2025-07-14 07:36:44,586
627,94,view,2026-04-07 22:38:39,201
628,546,purchase,2024-08-27 00:33:57,194
629,266,logout,2024-06-13 06:01:32,178
630,320,view,2024-08-31 09:00:33,379
631,589,click,2025-06-11 14:19:57,54
632,602,view,2025-11-11 18:44:49,528
633,322,click,2025-10-12 17:00:34,90
634,303,view,2025-12-04 20:29:23,86
635,341,purchase,2025-12-07 22:39:57,56
636,65,view,2025-06-13 07:39:52,315
637,0,login,2025-01-05 00:32:44,103
638,49,login,2025-11-01 20:28:43,563
639,311,purchase,2024-07-08 21:11:49,417
640,725,purchase,2025-11-10 06:58:35,311
641,123,click,2025-03-25 04:36:00,101
642,145,logout,2026-03-21 03:30:42,613
643,274,view,2025-02-07 10:05:28,85
644,633,view,,108
645,712,login,2026-05-19 17:24:34,96
646,18,logout,2026-01-30 16:42:35,164
647,681,view,2025-03-29 02:11:04,145
648,428,click,2024-06-10 22:06:36,86
649,649,purchase,2025-09-09 12:23:36,412
650,175,login,2024-09-19 13:00:10,583
651,391,view,2025-11-30 21:24:21,647
652,278,view,2024-06-09 18:09:55,12
653,354,click,2025-09-30 01:43:19,650
654,649,purchase,2024-08-07 07:29:07,136
655,565,view,2025-12-30 10:21:35,162
656,0,login,2025-03-21 11:52:45,274
657,573,login,2025-05-26 08:50:30,261
658,196,view,2025-09-26 07:48:02,359
659,91,click,2024-12-01 17:19:23,46
660,340,logout,2024-07-12 02:22:45,24
661,724,logout,2024-08-17 17:04:20,390
662,45,view,2024-08-13 14:33:52,187
663,0,purchase,2026-01-01 08:15:03,489
664,270,login,2025-04-09 13:44:52,622
665,350,logout,,86
666,650,logout,2025-03-25 21:20:32,447
667,402,purchase,2025-10-01 14:41:56,97
668,399,purchase,2024-07-22 15:53:54,138
669,226,login,2025-03-17 14:55:16,523
670,454,login,2024-08-01 14:05:29,629
671,639,view,2026-01-03 13:39:04,54
672,427,click,2024-10-23 17:29:43,24
673,91,click,2024-09-27 21:25:37,10
674,287,logout,2025-02-12 03:02:56,458
675,82,logout,,522
676,18,view,2024-07-23 23:55:21,263
677,534,purchase,2025-07-21 19:48:59,574
678,173,logout,2026-04-26 21:20:09,76
679,604,view,2025-05-13 04:30:09,577
680,749,purchase,2025-08-22 08:24:18,452
681,132,logout,2026-03-31 01:52:17,96
682,419,view,2025-12-31 13:29:30,340
683,747,login,2025-12-18 15:29:09,570
684,262,logout,2025-06-21 07:24:30,642
685,542,login,2025-04-03 12:50:01,340
686,390,click,2026-04-02 23:21:05,171
687,377,logout,2026-03-08 11:37:47,163
688,539,logout,2025-01-27 01:57:48,114
689,540,click,2024-08-16 12:41:53,43
690,448,logout,2026-05-05 15:48:54,549
691,745,login,2025-03-13 03:06:16,420
692,655,view,2024-12-25 06:00:57,409
693,286,logout,2024-06-19 13:11:25,276
694,288,logout,2024-08-18 07:20:42,151
695,82,click,2026-02-22 07:38:42,490
696,331,purchase,2025-05-25 08:50:06,163
697,516,login,2025-09-13 05:28:59,469
698,284,view,2026-03-18 08:59:13,299
699,540,click,2025-07-01 04:43:40,331
700,124,view,2025-12-08 11:44:34,634
701,505,purchase,2024-11-06 16:41:55,628
702,417,purchase,2024-06-26 02:32:21,367
703,657,view,2025-11-26 00:49:57,452
704,543,click,2024-10-14 02:58:08,9
705,52,click,2025-03-04 10:20:51,517
706,189,view,2024-07-27 15:25:45,197
707,39,purchase,2025-06-08 02:38:19,159
708,177,click,2024-12-07 20:01:08,288
709,555,click,2025-01-11 14:39:14,615
710,172,login,2025-12-12 22:49:22,582
711,644,purchase,2025-10-31 11:54:48,51
712,85,logout,2024-11-20 00:50:58,282
713,9,click,2026-02-09 15:50:49,567
714,6,purchase,2025-04-10 11:00:12,450
715,248,logout,2024-12-15 09:05:20,498
716,107,purchase,2024-09-22 00:22:20,427
717,17,logout,2025-09-17 03:20:16,403
718,42,login,2025-01-31 18:38:50,274
719,413,click,2026-02-13 02:47:51,50
720,645,click,2025-01-18 11:34:54,307
721,640,view,2025-03-26 15:17:23,157
722,728,purchase,2025-11-28 04:28:23,642
723,700,logout,2025-03-29 16:43:01,44
724,175,purchase,2026-02-11 15:01:55,223
725,571,view,2025-11-02 11:13:50,465
726,349,logout,2026-05-11 12:29:54,163
727,396,purchase,2025-04-09 14:15:33,622
728,380,logout,2024-11-30 22:44:19,405
729,3,logout,2026-03-20 19:34:29,23
730,493,view,2025-09-08 11:58:50,577
731,714,view,2025-01-01 22:00:18,67
732,468,purchase,2025-04-01 01:13:26,587
733,694,purchase,2025-01-17 22:36:13,315
734,619,purchase,2025-07-25 10:27:53,103
735,440,logout,2024-09-01 04:13:51,533
736,690,logout,2026-02-25 02:38:22,345
737,679,purchase,2024-12-22 09:16:44,445
738,359,purchase,2026-03-05 09:23:53,38
739,0,purchase,2025-07-31 18:57:45,628
740,270,click,2025-02-07 16:42:43,314
741,228,login,2025-09-08 18:39:43,505
742,105,login,2024-08-07 10:21:00,179
743,145,logout,2025-08-23 12:11:14,628
744,56,click,2025-08-09 14:12:21,116
745,355,logout,2025-06-10 08:50:51,128
746,53,view,2024-12-25 03:31:23,342
747,659,login,2025-05-31 20:31:14,295
748,630,click,2024-10-20 04:14:26,269
749,711,click,2025-03-15 07:09:40,375
750,480,purchase,2025-09-06 02:47:41,107
751,229,login,2025-10-11 20:06:58,403
752,547,purchase,2025-10-17 11:51:16,635
753,682,click,2024-11-10 04:35:38,550
754,376,purchase,2025-02-06 09:39:35,597
755,353,logout,2024-09-27 14:36:17,500
756,371,view,2026-01-25 13:09:34,413
757,46,logout,2025-08-07 23:18:56,269
758,644,click,2024-11-10 02:15:12,245
759,219,purchase,2026-03-11 13:35:39,308
760,19,purchase,2024-10-09 17:42:14,608
761,456,view,2026-03-28 02:26:58,505
762,686,click,2024-11-04 04:50:38,128
763,570,purchase,2026-05-16 19:27:59,43
764,531,login,2025-08-08 00:47:55,382
765,732,view,2025-08-19 05:10:28,27
766,196,login,2025-04-17 01:46:20,80
767,472,view,2024-08-09 03:30:28,41
768,108,view,2025-08-03 13:51:46,472
769,587,purchase,2025-04-04 06:11:30,501
770,557,logout,2024-07-28 18:54:18,542
771,321,view,2024-08-13 11:57:05,160
772,113,purchase,2025-01-16 11:11:43,243
773,681,logout,2026-04-24 04:13:50,412
774,694,click,2025-12-14 21:40:15,499
775,246,purchase,2026-02-14 18:05:37,609
776,418,view,2024-07-09 01:15:47,137
777,547,purchase,2026-04-13 07:11:38,219
778,237,view,2025-08-03 20:08:13,627
779,8,click,2024-05-28 04:59:12,480
780,318,purchase,2025-11-27 09:42:44,233
781,443,click,2024-09-04 02:49:18,582
782,424,view,2025-05-22 15:02:00,275
783,533,click,2024-06-07 16:25:49,12
784,681,login,2025-05-29 15:13:34,234
785,373,login,2025-01-28 14:13:50,575
786,158,view,2024-12-02 10:55:11,351
787,186,login,2025-01-15 17:04:53,483
788,606,view,2024-09-12 06:02:07,519
789,536,logout,2025-07-11 14:22:57,130
790,689,click,2026-05-07 16:04:58,171
791,78,click,2024-10-26 23:40:31,163
792,387,view,2026-02-13 09:26:44,560
793,582,click,2024-06-19 06:51:48,634
794,314,purchase,2026-03-19 12:02:18,271
795,645,login,2024-09-23 20:08:06,220
796,186,purchase,2025-03-20 15:13:08,79
797,113,logout,2025-11-05 16:41:02,351
798,88,login,2024-05-25 20:56:57,19
799,704,view,2025-09-21 12:17:27,553
800,103,click,2026-04-20 23:41:12,440
801,526,view,2025-06-26 01:44:04,287
802,509,purchase,2024-06-12 19:49:59,138
803,0,view,2025-07-19 19:19:28,535
804,250,purchase,2025-07-15 18:30:19,62
805,100,login,2025-04-15 23:59:48,213
806,0,view,2025-12-23 19:55:27,405
807,299,login,2025-05-29 10:44:38,587
808,11,login,2026-03-09 20:35:37,557
809,243,login,2026-01-19 20:11:34,619
810,0,login,2025-09-29 15:43:25,68
811,652,view,2024-05-28 14:21:29,43
812,289,logout,2025-04-28 01:31:58,51
813,673,logout,2025-09-01 07:10:06,589
814,228,click,2025-08-24 12:07:12,305
815,671,login,2024-07-20 03:07:47,440
816,479,logout,2024-07-19 00:20:45,411
817,38,click,2025-02-21 10:46:17,21
818,397,purchase,2025-03-13 07:17:52,583
819,34,login,2026-04-24 18:15:25,235
820,306,view,2025-10-17 18:13:35,611
821,462,view,2025-10-13 17:43:25,383
822,573,click,2025-12-06 20:04:48,558
823,146,login,2025-01-11 03:37:21,474
824,284,purchase,2024-11-03 08:46:14,69
825,613,login,2025-03-12 01:20:13,350
826,176,view,2024-09-02 16:44:27,116
827,434,view,2025-05-10 17:20:16,523
828,467,purchase,2026-05-04 08:42:14,145
829,618,purchase,2025-06-14 15:33:58,516
830,306,logout,2024-08-23 04:35:24,5
831,419,click,2025-03-16 01:02:30,335
832,87,purchase,2025-12-04 16:48:58,387
833,588,purchase,2024-07-31 14:15:47,167
834,84,view,2024-11-24 07:49:39,557
835,251,logout,2026-04-18 09:38:25,526
836,651,login,2025-04-03 12:55:10,13
837,226,logout,2024-09-30 11:20:08,505
838,505,login,2026-01-19 19:27:41,197
839,34,logout,2026-04-11 14:24:22,59
840,587,click,2025-09-03 05:18:48,392
841,5,login,2026-01-01 13:41:30,238
842,650,logout,2024-06-09 08:08:34,245
843,459,purchase,2025-01-10 09:33:42,571
844,465,login,2025-06-07 23:53:47,447
845,0,purchase,2025-01-06 07:45:28,333
846,672,logout,2025-10-27 00:56:13,466
847,693,click,2025-11-24 16:57:38,484
848,243,click,2025-11-28 07:23:06,595
849,431,login,2025-06-23 15:27:33,512
850,271,purchase,2025-02-23 03:33:59,1
851,310,logout,2025-02-19 14:27:24,601
852,311,login,2024-11-29 19:36:02,223
853,120,purchase,2026-01-26 03:38:11,350
854,297,view,2025-06-01 01:58:22,598
855,369,purchase,2024-09-16 07:41:20,424
856,121,view,2024-12-24 12:17:31,590
857,485,login,2026-02-11 21:01:08,360
858,429,click,2026-03-07 23:38:06,467
859,156,logout,2024-11-20 08:08:08,520
860,346,view,2025-06-14 14:37:46,594
861,11,purchase,2024-12-15 09:44:07,390
862,542,login,,445
863,389,logout,2024-06-20 23:29:18,418
864,70,click,2025-09-02 04:21:17,562
865,0,login,2025-11-20 05:00:46,468
866,450,login,2025-12-22 08:33:28,211
867,584,login,2024-06-15 00:51:50,229
868,509,click,2024-07-04 08:39:20,455
869,72,view,2025-07-05 15:05:37,449
870,245,view,2024-12-28 13:23:06,612
871,430,view,2026-04-19 17:41:15,172
872,295,click,2025-07-07 00:20:45,248
873,54,click,2025-06-14 14:06:25,236
874,259,view,2025-11-20 08:49:32,29
875,387,purchase,2024-09-15 23:50:03,3
876,409,click,2025-09-05 06:56:25,449
877,551,purchase,2024-12-10 04:24:40,614
878,313,logout,2024-11-24 15:21:50,494
879,733,view,2024-12-02 06:27:55,272
880,260,logout,2024-07-09 12:04:28,545
881,491,purchase,2025-01-07 00:59:26,120
882,593,logout,2025-04-05 07:20:47,263
883,171,purchase,2025-09-05 06:38:18,543
884,7,login,2025-04-20 10:43:23,310
885,136,view,2025-07-17 11:52:21,435
886,564,login,2025-11-06 22:20:13,29
887,696,click,2026-03-16 17:33:22,134
888,173,view,2024-07-10 02:50:00,36
889,96,purchase,2025-11-06 16:59:57,425
890,214,logout,2026-04-05 21:14:54,553
891,484,login,2024-07-15 22:31:09,532
892,509,view,2024-10-04 09:02:40,162
893,318,login,2024-12-11 22:00:15,116
894,486,logout,2025-03-13 23:38:08,308
895,118,click,2025-12-10 12:45:08,188
896,555,view,2025-09-22 05:41:03,20
897,332,view,2025-08-27 01:20:33,500
898,320,view,2025-11-05 17:56:40,22
899,151,view,2024-06-16 20:48:53,501
900,370,purchase,2025-06-30 23:43:46,283
901,543,click,2025-02-27 04:47:55,70
902,57,purchase,2024-07-02 17:42:53,135
903,478,view,2024-08-14 14:02:46,365
904,176,logout,2024-12-09 10:09:02,283
905,175,click,2025-06-03 23:01:23,408
906,57,purchase,2026-05-05 22:18:59,556
907,194,logout,2025-06-08 12:48:10,520
908,506,click,2026-04-30 14:51:38,222
909,408,view,2025-10-09 11:37:33,91
910,266,logout,2025-04-14 11:04:50,138
911,411,purchase,2025-06-30 12:22:45,545
912,351,view,2025-10-04 11:26:15,472
913,8,view,2026-01-12 18:01:31,580
914,443,login,2025-07-22 00:44:07,29
915,633,view,2025-08-01 20:01:06,48
916,123,click,2024-11-28 05:37:40,362
917,130,click,2025-06-08 03:29:44,461
918,4,logout,2026-04-26 03:14:12,203
919,489,logout,2025-01-20 10:20:25,106
920,352,purchase,2024-12-19 18:59:14,128
921,80,click,2025-07-14 14:41:10,455
922,86,click,2026-01-22 22:37:32,478
923,343,login,2025-08-07 18:25:46,114
924,318,purchase,2024-10-20 03:13:26,479
925,244,click,2025-01-31 04:32:27,355
926,616,logout,2024-08-11 22:56:53,72
927,183,logout,2025-05-25 13:59:39,482
928,746,login,2024-06-05 05:55:32,473
929,492,purchase,2026-04-08 17:07:52,314
930,203,purchase,2026-01-23 09:59:29,638
931,474,click,2026-02-14 22:36:57,386
932,371,purchase,2026-03-31 02:04:06,315
933,229,view,2024-07-16 11:01:30,629
934,586,click,2026-03-12 06:07:46,547
935,0,purchase,2025-09-12 19:53:32,483
936,596,view,2024-11-25 16:42:01,52
937,582,logout,2024-09-12 22:27:15,363
938,495,login,2026-02-16 21:44:04,172
939,416,click,2025-10-23 23:15:33,268
940,609,view,2024-07-06 19:07:01,614
941,237,view,2026-05-23 16:11:42,275
942,645,view,2025-03-18 15:50:08,152
943,478,view,2026-05-06 20:34:41,189
944,187,view,2024-07-22 08:12:30,337
945,432,view,2024-10-06 09:32:25,650
946,68,click,2025-08-28 19:44:33,229
947,223,logout,2026-01-25 00:14:59,280
948,460,click,2025-02-16 03:18:00,552
949,653,purchase,2024-10-24 04:07:42,426
950,711,login,2024-07-18 02:08:42,85
951,362,logout,,173
952,171,click,2026-03-02 01:56:10,477
953,747,login,2026-03-21 04:35:51,44
954,737,logout,2025-09-30 07:24:39,589
955,39,view,2025-06-19 15:45:37,465
956,417,purchase,2024-08-15 23:10:51,463
957,516,purchase,2026-03-26 07:46:42,54
958,732,click,2026-04-19 14:48:25,128
959,411,logout,2025-09-19 23:50:01,63
960,444,purchase,2024-09-30 17:01:27,275
961,585,click,2024-08-08 00:30:59,237
962,701,logout,,328
963,218,logout,2025-07-13 05:27:26,356
964,179,logout,2026-02-28 15:05:19,343
965,468,logout,2025-07-06 17:51:57,227
966,0,login,2026-01-09 05:25:51,349
967,255,click,2025-11-18 21:04:38,236
968,434,click,2024-08-18 11:29:25,488
969,0,logout,2024-09-09 11:00:26,196
970,732,click,2025-07-27 03:04:17,236
971,356,view,2025-03-14 09:40:34,129
972,255,purchase,2025-03-25 23:04:50,30
973,500,purchase,2024-07-25 23:05:40,333
974,548,view,2026-02-27 19:26:40,274
975,650,view,2025-06-28 16:01:00,156
976,664,purchase,2025-04-18 01:42:43,403
977,313,logout,2024-09-14 19:32:15,381
978,382,click,2025-06-21 12:41:32,523
979,37,logout,2025-08-01 02:17:59,94
980,256,purchase,2024-06-11 21:04:07,358
981,733,purchase,2024-05-24 17:26:05,261
982,71,login,2024-12-17 08:22:32,510
983,322,view,2026-01-10 08:18:34,402
984,443,click,2025-11-16 01:30:37,647
985,666,purchase,2025-07-25 10:26:35,18
986,441,login,2024-12-21 16:41:40,77
987,688,logout,2025-10-16 09:56:44,443
988,244,view,2024-11-10 06:35:55,1
989,470,view,2026-02-11 19:48:02,297
990,158,logout,2024-08-17 23:00:11,395
991,513,login,2025-06-12 23:25:28,472
992,80,click,2025-12-01 14:10:37,433
993,25,logout,2026-04-19 12:30:20,608
994,39,view,2025-02-18 17:51:54,428
995,99,click,2025-08-17 06:06:37,498
996,526,logout,2026-03-12 18:52:02,609
997,0,login,2025-06-12 19:42:25,396
998,249,view,2025-05-04 20:52:05,521
999,485,purchase,2024-11-25 20:05:13,362
1000,431,view,2026-01-21 21:25:36,643
1001,37,login,2026-02-22 05:20:32,410
1002,571,click,2024-08-30 00:37:57,181
1003,0,login,2025-12-07 04:30:31,500
1004,161,logout,2025-11-05 04:44:29,298
1005,459,click,2025-10-21 21:53:41,361
1006,431,login,2024-06-29 16:28:17,30
1007,547,login,2026-02-02 11:00:40,533
1008,613,logout,2025-01-02 21:39:52,262
1009,355,logout,2025-06-19 04:39:30,422
1010,473,purchase,2026-04-16 22:52:24,270
1011,0,login,2026-04-11 02:55:07,528
1012,741,purchase,2025-05-29 22:06:57,575
1013,346,view,2024-12-26 23:35:08,312
1014,363,purchase,2024-07-04 00:19:16,375
1015,412,purchase,2024-08-26 21:53:06,92
1016,516,login,2025-08-27 17:21:21,151
1017,17,click,2024-09-08 07:26:37,355
1018,439,click,2025-12-10 14:32:59,481
1019,721,click,,205
1020,102,logout,2024-12-22 10:42:01,607
1021,165,view,2024-07-06 09:05:15,561
1022,493,view,2025-11-23 19:22:22,148
1023,269,click,2025-12-13 03:57:30,298
1024,346,view,2024-09-06 18:40:15,303
1025,605,logout,2025-11-13 11:57:24,38
1026,682,logout,2026-01-22 01:23:38,582
1027,508,login,2024-08-26 13:18:21,523
1028,490,login,2025-11-07 10:15:55,220
1029,14,purchase,2024-12-13 18:42:15,226
1030,688,view,2025-04-07 15:12:50,299
1031,229,logout,2025-06-22 03:32:16,232
1032,19,purchase,2024-06-07 18:34:28,582
1033,580,login,2026-05-21 17:52:17,278
1034,424,click,2025-11-29 12:55:26,509
1035,710,view,2025-09-18 00:29:32,387
1036,161,click,2024-08-17 21:22:50,336
1037,648,view,2025-10-02 02:19:27,256
1038,39,purchase,2025-02-19 19:51:34,392
1039,480,view,2024-09-14 06:25:52,81
1040,676,logout,2024-09-12 08:29:23,269
1041,105,click,2024-06-13 04:00:40,520
1042,13,login,2025-05-20 13:01:35,45
1043,727,view,2025-05-09 02:29:46,223
1044,594,logout,2025-01-17 13:48:07,283
1045,498,view,2024-07-26 19:30:00,391
1046,199,purchase,2025-06-15 01:20:05,401
1047,627,logout,2025-11-07 13:44:52,289
1048,311,view,2025-02-02 00:31:28,266
1049,711,purchase,2025-09-07 23:18:38,403
1050,196,click,2026-01-20 08:35:40,241
1051,474,purchase,2025-08-17 22:54:09,76
1052,113,view,2025-10-30 19:30:37,390
1053,696,logout,2024-10-09 15:20:51,270
1054,125,click,2025-08-11 20:43:06,419
1055,7,view,2025-09-26 05:52:01,95
1056,514,view,2026-05-19 12:56:32,595
1057,631,purchase,2024-08-18 13:17:07,388
1058,674,click,2025-11-20 08:42:43,498
1059,420,click,2025-12-23 06:49:50,47
1060,226,purchase,2024-12-25 02:11:03,72
1061,529,logout,2024-09-25 19:12:08,320
1062,10,purchase,2025-07-12 15:59:15,238
1063,161,view,2025-05-20 03:01:14,602
1064,0,purchase,2026-02-22 00:39:02,515
1065,370,logout,2025-03-05 01:12:30,49
1066,396,purchase,2024-11-29 16:36:20,516
1067,470,view,,108
1068,269,purchase,2025-08-17 01:22:45,400
1069,279,click,2024-12-12 23:22:58,157
1070,469,login,2024-12-16 12:14:16,56
1071,466,view,2025-03-07 20:55:15,461
1072,272,logout,2024-08-28 09:34:54,538
1073,0,click,2025-08-14 00:48:21,110
1074,726,logout,2025-01-09 08:56:12,191
1075,646,purchase,2025-11-01 18:35:41,395
1076,18,login,2024-10-19 22:11:28,462
1077,360,view,2025-07-04 23:41:31,570
1078,47,login,2024-07-28 18:47:30,38
1079,0,logout,2026-01-27 01:57:52,341
1080,303,view,2025-01-18 00:16:53,232
1081,0,purchase,,288
1082,452,logout,2025-08-26 21:19:50,614
1083,308,login,2025-08-21 18:03:23,598
1084,532,logout,2025-05-11 21:16:53,72
1085,0,click,2025-06-30 18:48:01,110
1086,26,login,2025-08-13 06:52:37,5
1087,74,click,2024-08-10 14:56:48,321
1088,588,logout,2025-10-31 01:03:15,207
1089,38,view,2025-02-18 00:50:30,76
1090,453,login,2024-12-20 06:32:19,38
1091,285,click,2026-03-01 07:47:42,275
1092,294,purchase,2025-12-11 20:22:14,607
1093,434,click,2025-09-06 13:12:52,532
1094,311,login,2026-02-24 20:47:07,351
1095,384,click,2026-03-20 16:20:28,112
1096,492,view,2024-07-03 16:48:09,240
1097,369,view,2024-10-02 22:02:22,57
1098,319,logout,2026-04-09 01:01:25,394
1099,642,purchase,2024-05-24 14:49:26,396
1100,735,logout,2024-11-07 20:05:38,468
1101,242,login,2024-06-07 14:20:18,582
1102,311,click,2025-11-22 18:57:56,508
1103,735,click,2024-05-25 05:56:35,574
1104,358,login,2025-01-13 08:07:35,250
1105,637,login,2025-10-31 02:58:01,398
1106,567,view,2024-09-07 09:06:54,81
1107,248,click,2025-08-30 00:46:33,494
1108,624,view,2026-04-19 23:45:01,375
1109,373,view,2026-02-03 14:52:07,235
1110,328,click,2025-12-18 07:45:39,125
1111,398,view,2025-09-12 04:34:45,602
1112,571,purchase,2025-11-02 21:39:54,403
1113,310,logout,2025-08-30 05:42:40,611
1114,0,purchase,2025-06-13 14:53:08,644
1115,662,login,,237
1116,614,purchase,2024-09-29 22:26:13,487
1117,713,view,2025-08-23 22:04:45,405
1118,408,logout,2025-10-30 07:31:03,371
1119,330,view,2025-03-05 22:14:01,637
1120,178,view,,83
1121,114,view,2025-11-16 21:29:54,335
1122,435,view,2025-12-19 01:30:45,471
1123,198,purchase,2026-02-21 21:34:26,639
1124,642,click,2024-08-12 02:19:52,237
1125,2,logout,2026-04-04 08:22:39,198
1126,544,login,2025-11-03 13:12:49,640
1127,53,logout,2026-03-27 07:33:19,490
1128,131,click,2026-03-10 04:48:53,271
1129,682,view,2024-07-19 21:03:31,478
1130,644,login,2025-12-03 22:48:51,372
1131,325,view,2024-05-31 19:22:49,130
1132,74,logout,2026-01-14 09:26:06,144
1133,22,view,2024-12-28 22:12:53,408
1134,295,login,2025-08-12 01:09:22,645
1135,643,click,2024-09-18 13:21:24,160
1136,195,view,2026-04-19 04:02:57,447
1137,623,logout,2024-09-30 23:18:24,641
1138,625,login,2024-11-19 18:56:59,445
1139,0,click,2024-08-11 02:40:47,592
1140,683,logout,2025-08-24 07:18:33,184
1141,352,logout,2025-04-07 19:05:02,412
1142,466,click,2026-03-12 19:28:22,617
1143,247,purchase,2024-08-11 16:56:41,640
1144,582,click,2025-01-17 06:15:35,321
1145,190,login,2024-07-27 10:50:46,265
1146,309,purchase,2025-06-11 06:30:29,255
1147,645,logout,2025-09-13 18:33:16,116
1148,119,click,2024-07-27 11:08:51,437
1149,0,logout,,576
1150,512,purchase,2025-02-21 09:52:30,357
1151,609,view,2026-03-24 09:41:21,398
1152,716,login,2026-03-29 17:56:55,625
1153,54,purchase,2026-05-14 17:53:42,156
1154,17,purchase,2025-09-12 14:16:27,242
1155,480,login,2025-11-12 22:48:23,407
1156,405,click,2024-10-16 22:44:43,332
1157,521,logout,2026-05-11 15:19:52,180
1158,638,logout,2024-10-28 10:52:58,502
1159,480,login,2024-07-26 02:55:36,585
1160,201,purchase,2025-12-11 02:29:35,593
1161,324,view,2025-08-27 19:01:58,150
1162,261,purchase,2024-11-22 01:21:45,76
1163,66,click,2025-09-29 14:53:19,467
1164,13,logout,2024-11-27 22:30:25,364
1165,403,login,2025-12-23 07:29:22,107
1166,106,logout,2024-08-22 21:59:46,165
1167,211,view,2024-09-20 06:44:44,371
1168,408,view,2025-06-15 18:31:46,521
1169,717,click,2026-04-21 18:24:46,573
1170,143,click,2025-08-07 16:43:54,176
1171,0,login,2024-11-27 12:28:42,535
1172,538,click,2025-06-19 22:22:56,236
1173,734,purchase,2025-06-04 18:26:22,298
1174,558,click,,137
1175,7,login,2025-12-25 09:58:03,564
1176,303,login,2024-07-15 03:41:39,72
1177,448,click,2024-10-11 06:34:05,441
1178,215,purchase,2026-04-03 17:20:07,640
1179,749,purchase,2025-12-01 15:24:44,20
1180,19,view,2025-01-28 12:48:00,118
1181,634,logout,2025-10-05 22:31:20,132
1182,132,click,2026-01-16 02:24:02,49
1183,14,view,2024-10-05 00:38:42,138
1184,133,view,2025-10-28 01:44:02,542
1185,0,click,2026-02-09 01:13:01,146
1186,656,login,2024-11-06 14:58:53,210
1187,589,login,2026-04-13 17:02:32,145
1188,0,logout,2024-10-04 16:07:40,426
1189,727,view,2026-03-24 02:42:48,437
1190,627,logout,2024-08-24 09:32:32,313
1191,10,view,2024-05-30 17:35:06,286
1192,259,view,2024-12-29 15:03:28,447
1193,401,login,,560
1194,295,purchase,2024-11-14 06:58:28,103
1195,338,view,2024-08-15 21:11:04,307
1196,147,login,2026-02-17 22:45:23,175
1197,0,click,2025-12-26 06:04:32,122
1198,0,view,2025-03-29 04:01:52,418
1199,631,login,2025-05-16 19:59:54,200
1200,126,click,2024-06-12 00:10:58,382
1201,164,click,2024-08-09 21:21:43,566
1202,50,logout,2026-03-17 15:08:06,467
1203,664,purchase,2026-03-14 11:11:09,278
1204,59,purchase,2025-08-27 21:24:37,415
1205,179,click,2025-05-11 08:45:27,48
1206,110,purchase,2025-09-29 18:24:11,333
1207,328,login,2024-10-22 12:43:30,475
1208,457,logout,2025-04-17 22:59:57,412
1209,42,login,2025-09-15 11:10:06,602
1210,20,view,2024-05-28 10:03:03,368
1211,547,logout,,608
1212,483,logout,2025-10-05 14:14:43,317
1213,135,click,2025-11-15 18:31:46,337
1214,709,purchase,2025-05-05 04:14:23,186
1215,47,purchase,2024-11-25 12:33:56,454
1216,329,logout,2024-10-07 18:32:20,91
1217,110,login,2025-05-07 13:49:58,562
1218,0,purchase,2024-10-31 11:40:57,479
1219,422,login,2025-02-11 19:56:54,333
1220,700,login,,584
1221,366,logout,2024-11-14 03:11:32,40
1222,112,click,2025-06-01 12:29:59,211
1223,207,logout,2025-11-01 04:24:16,385
1224,0,logout,2024-10-23 13:41:11,470
1225,444,view,2025-01-19 07:25:14,520
1226,651,logout,2024-12-08 16:49:31,233
1227,8,login,2025-09-04 05:40:29,109
1228,120,logout,2025-05-17 09:38:01,491
1229,592,logout,2024-08-18 20:49:29,108
1230,649,purchase,2024-08-17 04:00:24,50
1231,226,login,2025-02-08 12:56:15,532
1232,693,click,2024-10-30 04:08:35,575
1233,630,logout,2024-11-29 21:19:32,560
1234,265,logout,2025-06-26 17:37:31,249
1235,53,logout,,5
1236,482,logout,2024-09-20 05:19:07,597
1237,627,purchase,2026-02-22 05:10:29,321
1238,474,purchase,2026-02-03 04:13:53,318
1239,284,view,2024-10-11 23:40:38,596
1240,175,click,2026-05-09 05:55:15,352
1241,292,purchase,2024-07-15 10:51:33,364
1242,582,login,2025-09-01 16:02:56,266
1243,256,logout,2024-10-10 22:29:58,626
1244,529,logout,2024-08-26 13:51:33,474
1245,621,logout,2025-12-03 06:33:56,373
1246,519,login,2025-10-28 09:13:26,229
1247,689,login,2024-11-12 07:06:23,566
1248,74,logout,2025-05-11 09:57:30,224
1249,314,login,2024-07-26 08:45:14,216
1250,59,view,2024-09-24 13:16:06,478
1251,477,view,2024-11-02 16:30:09,198
1252,324,view,2025-08-04 19:48:51,548
1253,224,click,2026-02-11 13:00:25,203
1254,733,purchase,2025-01-28 07:20:41,242
1255,194,logout,2025-04-27 16:06:18,134
1256,568,view,2026-03-15 11:27:57,230
1257,90,click,2025-11-03 16:40:29,403
1258,323,login,2025-10-16 13:57:02,339
1259,122,login,2025-01-11 16:49:00,609
1260,707,click,2026-04-13 22:22:08,252
1261,275,view,2025-01-20 18:55:19,628
1262,338,logout,2026-02-16 03:40:23,366
1263,322,login,2025-05-31 16:02:16,43
1264,0,login,2024-08-21 06:06:16,258
1265,76,purchase,2025-07-21 12:30:20,370
1266,578,login,2025-08-02 09:04:15,114
1267,164,logout,2026-02-09 02:23:23,612
1268,96,click,2024-12-09 10:21:31,15
1269,429,login,2024-09-21 23:26:42,106
1270,158,click,2025-11-09 19:03:41,555
1271,665,view,2026-02-08 21:24:32,304
1272,291,purchase,2026-04-22 03:47:36,5
1273,263,purchase,2025-01-22 16:30:14,349
1274,595,click,2025-04-07 03:16:40,218
1275,723,view,2025-01-06 12:54:05,499
1276,552,purchase,2024-11-29 14:10:51,222
1277,238,login,2025-04-15 08:56:51,197
1278,591,view,2024-09-05 17:04:36,421
1279,0,click,2025-07-13 00:43:04,251
1280,410,click,2025-07-19 22:50:42,435
1281,0,click,2026-04-26 04:10:09,578
1282,455,purchase,2025-01-24 17:32:54,411
1283,107,logout,2026-04-06 07:53:04,474
1284,25,view,2026-01-07 06:09:12,111
1285,0,click,2024-08-28 15:49:55,214
1286,259,view,2025-10-17 10:40:22,614
1287,488,view,2025-03-24 07:59:28,76
1288,565,click,2025-12-02 14:51:16,237
1289,603,view,2026-01-04 23:18:58,162
1290,592,logout,2026-04-21 12:39:07,3
1291,346,login,2025-07-10 23:32:25,178
1292,428,view,2024-06-03 03:05:32,129
1293,149,login,2025-03-02 17:01:56,287
1294,187,view,2025-12-31 19:54:27,636
1295,574,logout,2024-12-27 22:02:32,456
1296,171,click,2024-11-26 14:13:25,199
1297,155,logout,2026-01-06 05:01:58,27
1298,82,click,2025-10-21 22:48:24,591
1299,567,purchase,2026-01-04 00:09:57,430
1300,375,purchase,2025-04-29 08:45:01,278
1301,503,logout,2024-10-24 21:05:05,20
1302,663,purchase,2024-08-06 03:14:48,643
1303,264,purchase,2026-03-08 04:32:01,473
1304,223,login,2025-03-23 03:24:26,481
1305,507,logout,2025-01-20 02:52:13,453
1306,4,logout,2024-10-13 09:27:01,326
1307,491,view,2024-11-17 21:51:44,89
1308,146,logout,2025-12-17 14:21:10,465
1309,157,click,2026-05-12 18:46:10,63
1310,614,click,2026-02-14 20:16:12,73
1311,725,login,2024-12-11 00:59:38,449
1312,0,click,2025-07-24 11:57:40,77
1313,661,login,2024-06-05 19:36:03,397
1314,747,logout,2025-10-24 15:40:38,207
1315,77,login,2025-08-08 14:26:28,484
1316,592,view,2024-09-19 19:50:46,597
1317,537,view,2024-08-12 06:52:48,269
1318,137,purchase,2025-11-15 00:53:01,383
1319,689,view,2024-11-10 14:48:57,19
1320,87,view,2024-09-14 04:02:37,570
1321,698,view,2025-06-28 22:09:36,3
1322,720,view,2025-09-01 09:08:16,410
1323,498,view,2024-08-30 12:16:46,41
1324,492,view,2025-03-19 14:27:01,57
1325,483,view,2025-02-01 10:57:12,231
1326,435,logout,2025-07-04 05:30:11,454
1327,612,click,2025-09-09 12:59:58,301
1328,423,view,2026-03-31 10:20:41,69
1329,0,logout,2024-09-08 12:21:45,53
1330,693,view,2024-10-25 04:14:49,371
1331,29,view,2026-04-01 23:45:39,153
1332,357,logout,2026-04-15 15:11:13,642
1333,236,logout,2025-03-14 23:09:47,84
1334,13,click,2025-11-08 05:08:50,482
1335,374,logout,2024-07-01 23:23:37,472
1336,691,purchase,2025-10-02 05:55:41,614
1337,433,login,2026-04-12 08:34:35,261
1338,172,login,2026-05-04 19:47:50,631
1339,265,click,2024-10-30 18:53:05,86
1340,415,purchase,2026-05-08 21:04:52,217
1341,452,purchase,2026-02-24 17:17:10,193
1342,245,logout,2024-09-03 23:32:34,455
1343,434,login,2024-11-17 04:25:17,623
1344,459,view,2025-11-28 02:51:28,386
1345,5,purchase,2026-01-27 22:23:18,91
1346,469,view,2025-04-20 03:06:17,534
1347,306,login,2025-08-24 05:31:24,81
1348,282,logout,2025-08-07 05:27:55,60
1349,217,purchase,2025-12-31 10:51:51,176
1350,291,purchase,2025-07-13 13:14:11,272
1351,0,logout,2025-02-10 02:54:50,448
1352,215,purchase,2026-05-07 05:07:19,325
1353,149,logout,2025-11-28 08:28:09,120
1354,93,view,2024-11-16 01:08:00,531
1355,381,view,2025-04-20 01:53:00,257
1356,421,logout,2024-09-15 08:43:06,330
1357,611,click,2025-10-15 02:37:28,366
1358,591,logout,2025-07-08 12:31:07,54
1359,675,click,2025-03-25 03:46:52,545
1360,9,view,2024-07-09 23:06:08,152
1361,673,purchase,2025-04-17 06:15:58,631
1362,508,click,,340
1363,304,click,2025-12-17 15:40:57,530
1364,496,logout,2025-11-22 06:54:24,625
1365,145,purchase,2024-09-21 04:14:51,262
1366,624,purchase,2025-07-02 20:52:53,396
1367,6,logout,2025-01-22 00:01:39,467
1368,107,logout,2024-06-13 17:21:59,486
1369,185,login,2026-04-03 02:09:36,188
1370,512,view,2026-03-08 16:28:28,353
1371,148,click,2025-04-09 09:06:38,439
1372,635,logout,2024-11-21 19:51:28,466
1373,604,logout,2026-05-07 11:56:35,482
1374,339,purchase,2024-08-28 10:30:43,463
1375,302,click,2025-06-13 15:35:20,119
1376,626,click,2025-01-14 15:04:27,596
1377,709,login,2024-12-27 10:32:12,4
1378,708,logout,2026-05-21 20:36:54,465
1379,341,view,2026-04-04 19:38:28,596
1380,214,click,2025-05-15 03:31:08,28
1381,114,purchase,2025-05-01 13:37:02,541
1382,294,login,2025-07-03 04:41:36,433
1383,737,purchase,2025-11-10 21:39:50,72
1384,369,login,2025-06-18 20:01:51,136
1385,719,view,2024-12-18 21:38:18,477
1386,29,purchase,2026-01-05 15:09:00,531
1387,31,click,2025-01-12 21:38:38,36
1388,135,login,2026-02-17 07:03:16,307
1389,248,click,2025-01-22 00:54:11,181
1390,667,login,2025-09-24 10:58:11,424
1391,651,purchase,2024-10-16 06:16:12,361
1392,429,view,2025-12-29 08:43:46,108
1393,134,click,2024-11-02 04:30:26,15
1394,504,click,2026-04-09 17:38:18,500
1395,553,view,2024-10-05 13:26:55,427
1396,80,purchase,2026-01-24 07:32:35,523
1397,340,login,2025-12-28 13:06:17,444
1398,334,purchase,2025-10-09 16:58:03,30
1399,170,logout,2024-08-13 06:55:56,181
1400,347,click,2026-04-22 19:14:59,536
1401,722,login,2025-03-16 02:57:25,324
1402,629,logout,2024-06-26 18:17:47,621
1403,539,click,2025-10-01 19:17:11,161
1404,710,purchase,2025-04-05 17:53:47,37
1405,337,click,2025-06-04 23:30:02,226
1406,691,logout,2026-02-12 03:35:58,472
1407,94,click,2024-12-19 16:02:58,164
1408,18,login,2025-08-16 19:55:27,536
1409,447,click,2025-10-16 20:20:04,493
1410,559,login,2026-04-11 16:40:43,347
1411,191,logout,2025-04-28 11:01:06,388
1412,30,click,,495
1413,460,purchase,2025-12-23 09:17:06,82
1414,8,logout,2025-08-25 04:18:31,228
1415,273,purchase,2024-05-26 09:59:12,378
1416,492,login,2025-05-21 06:34:40,133
1417,464,view,2024-11-18 23:58:28,339
1418,219,purchase,2024-06-11 21:38:31,482
1419,224,click,2025-04-28 02:00:58,226
1420,652,click,2024-09-03 09:22:00,353
1421,459,view,2024-09-08 18:22:56,168
1422,261,click,2025-12-04 07:54:09,346
1423,298,logout,2025-08-19 14:21:50,229
1424,593,login,2024-12-18 15:21:52,301
1425,107,login,2025-04-02 02:32:17,551
1426,71,logout,2025-09-07 01:51:47,293
1427,410,login,2026-03-07 19:31:28,401
1428,352,view,2025-08-23 05:27:36,286
1429,528,purchase,2024-10-12 06:50:20,442
1430,512,click,2025-10-16 20:33:50,183
1431,639,click,2024-07-14 08:14:06,617
1432,339,login,2024-09-09 08:30:11,449
1433,0,login,2025-07-25 00:28:23,245
1434,694,purchase,2025-04-11 20:01:08,608
1435,694,click,2025-06-08 04:18:55,33
1436,500,logout,2025-09-25 02:55:56,212
1437,61,view,2025-08-18 04:56:24,251
1438,590,view,2025-09-01 15:39:38,517
1439,511,login,2025-01-04 19:07:49,230
1440,254,logout,2024-12-28 15:06:15,329
1441,562,view,2026-03-17 16:09:51,18
1442,120,click,2024-11-07 00:37:46,287
1443,203,login,,461
1444,503,login,2026-01-06 22:14:34,327
1445,391,login,2025-06-23 02:37:17,377
1446,474,logout,2024-10-26 23:40:56,303
1447,362,purchase,2025-09-11 19:06:44,627
1448,584,purchase,,351
1449,332,click,2026-04-04 07:02:15,397
1450,138,view,2025-11-25 00:22:01,308
1451,527,purchase,2026-05-14 12:36:56,573
1452,230,click,2025-02-10 19:31:48,135
1453,679,click,2025-02-22 20:57:23,64
1454,465,logout,2024-11-18 01:25:04,513
1455,168,view,2026-04-19 18:15:59,321
1456,99,logout,2026-01-05 17:15:43,190
1457,95,purchase,2026-01-08 01:14:23,303
1458,328,click,2026-04-07 07:33:18,139
1459,485,logout,2026-04-13 07:27:54,475
1460,0,logout,2025-02-27 10:04:00,59
1461,194,purchase,2026-02-22 11:41:14,248
1462,177,view,2025-07-16 03:20:08,292
1463,0,click,2024-05-25 22:59:41,447
1464,240,view,2024-08-19 17:59:44,93
1465,181,view,2025-06-12 03:28:00,40
1466,371,click,2024-08-28 12:36:44,586
1467,325,view,2025-01-25 17:47:50,290
1468,490,purchase,2026-02-23 16:51:04,243
1469,158,login,,567
1470,609,view,2025-01-19 08:05:25,310
1471,748,purchase,2025-05-22 23:39:04,376
1472,485,click,2025-09-11 08:18:13,639
1473,443,login,2025-06-01 11:25:07,426
1474,90,click,2024-08-09 00:14:26,132
1475,119,click,,170
1476,635,click,2026-05-04 03:30:22,230
1477,41,logout,2025-08-04 19:21:36,574
1478,36,logout,2026-01-07 13:08:42,52
1479,570,logout,2026-01-02 14:34:53,593
1480,389,purchase,2025-07-27 16:37:34,162
1481,193,logout,2026-05-20 08:00:46,590
1482,0,click,2024-11-17 06:14:39,223
1483,197,logout,2024-08-11 18:35:07,212
1484,97,click,2026-02-23 20:10:07,442
1485,642,view,2025-06-22 04:50:59,71
1486,496,click,2024-12-16 06:30:01,577
1487,95,logout,2025-10-15 13:39:04,491
1488,0,view,2026-03-20 16:33:44,211
1489,0,click,2025-08-28 07:09:09,270
1490,607,view,2025-10-16 05:03:08,79
1491,263,login,2026-01-14 16:08:42,354
1492,60,login,2024-08-07 01:29:46,158
1493,367,login,2024-06-02 13:58:00,78
1494,387,click,2025-06-05 08:56:10,27
1495,201,logout,2025-08-06 22:10:48,96
1496,668,view,2025-10-23 22:34:28,451
1497,32,logout,2026-05-14 21:57:34,211
1498,62,login,,354
1499,609,login,2025-06-18 21:07:32,407
1500,407,click,2024-12-19 22:47:33,141
